id,label,confidence
0,1,0.5150422
1,0,0.01801413
2,0,0.017918443
3,1,0.9564915
4,0,0.018098725
5,1,0.9618448
6,0,0.30233645
7,1,0.96199614
8,1,0.5709874
9,1,0.9616419
10,0,0.4815577
11,0,0.053265017
12,0,0.017949097
13,0,0.18737273
14,1,0.6061951
15,0,0.018268635
16,1,0.9472654
17,0,0.018019449
18,0,0.017966252
19,1,0.9619732
20,0,0.017940197
21,1,0.9616066
22,0,0.017934857
23,1,0.96161
24,1,0.96125203
25,1,0.9618085
26,0,0.017922824
27,0,0.13512371
28,1,0.8535907
29,0,0.01800525
30,1,0.8592535
31,0,0.018055271
32,1,0.96077377
33,1,0.95632994
34,0,0.017937526
35,0,0.15809575
36,0,0.018007645
37,1,0.96041185
38,1,0.96121037
39,1,0.9602414
40,0,0.01793305
41,1,0.95878
42,1,0.9619116
43,1,0.84365934
44,1,0.95966125
45,0,0.018356247
46,1,0.5368822
47,0,0.017939879
48,0,0.024896383
49,1,0.9579364
50,0,0.017943248
51,1,0.95924455
52,0,0.017915089
53,1,0.7069067
54,1,0.96096265
55,0,0.113105476
56,1,0.9613893
57,0,0.017942442
58,0,0.04127543
59,0,0.018866263
60,0,0.017950963
61,0,0.018437643
62,0,0.020669725
63,1,0.9567139
64,0,0.023028051
65,0,0.110664405
66,1,0.96094537
67,1,0.86224365
68,1,0.8817183
69,0,0.018881936
70,0,0.017939871
71,1,0.9618707
72,1,0.9603328
73,0,0.35576993
74,1,0.87705004
75,1,0.9619457
76,0,0.070941545
77,1,0.9584183
78,0,0.16756417
79,0,0.055498417
80,1,0.9607433
81,1,0.9614
82,0,0.017941946
83,0,0.018627496
84,0,0.03083915
85,1,0.9617132
86,0,0.018237809
87,1,0.9597296
88,1,0.9611629
89,1,0.6627707
90,1,0.9613023
91,1,0.95322186
92,0,0.018467005
93,1,0.9618958
94,1,0.95656586
95,1,0.9618172
96,0,0.018434117
97,1,0.9606907
98,0,0.018679397
99,0,0.01802022
100,0,0.01822166
101,0,0.017918536
102,1,0.84241307
103,0,0.017946627
104,0,0.01795604
105,1,0.95759237
106,0,0.11119918
107,1,0.6973787
108,0,0.018102543
109,1,0.9607661
110,0,0.01795003
111,0,0.018560058
112,0,0.17153835
113,1,0.9620177
114,0,0.21980591
115,0,0.017925158
116,1,0.96179116
117,1,0.9618237
118,1,0.9609749
119,0,0.110865586
120,0,0.112066
121,1,0.8425935
122,1,0.9617224
123,0,0.021280648
124,0,0.12087228
125,1,0.9615947
126,1,0.9534375
127,1,0.96188533
128,1,0.96167153
129,0,0.017964678
130,0,0.01793703
131,1,0.8746992
132,1,0.8983954
133,0,0.018086663
134,1,0.9609559
135,0,0.03541142
136,1,0.6604709
137,0,0.0192088
138,0,0.02539072
139,1,0.95799637
140,1,0.961361
141,0,0.017921649
142,1,0.9536366
143,0,0.11117199
144,1,0.9612466
145,0,0.01806434
146,0,0.1752886
147,1,0.9572069
148,1,0.9618633
149,1,0.96157837
150,1,0.9614779
151,1,0.72536045
152,0,0.018006835
153,1,0.71902776
154,1,0.96178114
155,0,0.018524596
156,0,0.01802218
157,0,0.03549784
158,1,0.9613387
159,1,0.96180785
160,0,0.017936056
161,0,0.03360992
162,1,0.86065555
163,0,0.01800505
164,1,0.8834393
165,0,0.13296735
166,0,0.017936023
167,0,0.02160583
168,0,0.021432245
169,0,0.041689053
170,1,0.9607021
171,1,0.8923673
172,1,0.9534978
173,0,0.019049786
174,1,0.65286666
175,0,0.017930364
176,0,0.018184733
177,0,0.018204963
178,1,0.96100974
179,0,0.01800001
180,0,0.030415466
181,0,0.018004803
182,0,0.017969046
183,1,0.9591944
184,0,0.023499575
185,0,0.051992424
186,1,0.9603505
187,1,0.9592518
188,0,0.017935973
189,0,0.017928775
190,1,0.9590053
191,1,0.9551063
192,1,0.8972634
193,1,0.8669779
194,0,0.24940366
195,1,0.961842
196,0,0.018165935
197,0,0.01798424
198,0,0.017933546
199,1,0.8856584
200,0,0.022916287
201,0,0.21490996
202,1,0.95829546
203,1,0.89681417
204,1,0.9612974
205,1,0.9608716
206,0,0.1116161
207,1,0.96182865
208,0,0.0179341
209,1,0.9604091
210,0,0.017933687
211,1,0.9506111
212,1,0.9614854
213,0,0.018073633
214,0,0.01791399
215,1,0.9609308
216,1,0.96128994
217,0,0.3989614
218,0,0.028500663
219,0,0.024384283
220,0,0.018415691
221,0,0.017937746
222,0,0.0264877
223,0,0.01794724
224,0,0.017925931
225,0,0.018554144
226,1,0.9592645
227,1,0.96175975
228,0,0.017992055
229,0,0.09459332
230,0,0.018049896
231,0,0.017941037
232,0,0.122967474
233,0,0.022920312
234,0,0.02469405
235,0,0.01794633
236,0,0.059227213
237,0,0.026369555
238,1,0.9485225
239,0,0.018895062
240,1,0.9610677
241,0,0.44497353
242,0,0.017914208
243,0,0.01791409
244,0,0.08652976
245,1,0.9584906
246,0,0.11139381
247,0,0.018406458
248,0,0.11103436
249,1,0.8530709
250,1,0.9617482
251,0,0.06142436
252,0,0.4501971
253,1,0.9617247
254,1,0.9618744
255,0,0.021376416
256,0,0.017989026
257,1,0.96114814
258,0,0.0179331
259,0,0.019666431
260,1,0.9560649
261,0,0.1301545
262,0,0.018616617
263,1,0.9615769
264,1,0.9545559
265,1,0.9614459
266,1,0.9615808
267,1,0.9616949
268,0,0.017934369
269,0,0.017927617
270,0,0.017968398
271,1,0.9615193
272,0,0.061786808
273,0,0.31244916
274,1,0.96148616
275,1,0.9506271
276,1,0.961863
277,1,0.9607411
278,0,0.1966976
279,1,0.96168894
280,1,0.9596117
281,0,0.041138265
282,1,0.95881027
283,1,0.960559
284,0,0.11626478
285,1,0.86690634
286,1,0.9032811
287,0,0.43900546
288,1,0.96196973
289,0,0.0345664
290,1,0.83487934
291,1,0.9582671
292,0,0.21771392
293,0,0.020970553
294,0,0.017925989
295,0,0.017999409
296,0,0.018001819
297,0,0.019392168
298,0,0.018810246
299,0,0.115333885
300,0,0.01841859
301,0,0.4815577
302,1,0.96176815
303,0,0.120579824
304,0,0.037691366
305,0,0.12255383
306,1,0.9608012
307,1,0.9584713
308,1,0.96184886
309,0,0.11224525
310,0,0.1117804
311,0,0.017931556
312,1,0.8162003
313,1,0.5219507
314,0,0.017978277
315,0,0.021423396
316,0,0.11412518
317,0,0.1487428
318,1,0.95961833
319,1,0.9619488
320,1,0.9615281
321,1,0.60961646
322,1,0.960225
323,0,0.018018086
324,0,0.017917974
325,0,0.041575037
326,1,0.958646
327,1,0.96050227
328,1,0.9615643
329,1,0.9596667
330,1,0.86829704
331,0,0.05407633
332,0,0.017933613
333,0,0.018269563
334,1,0.957949
335,1,0.96106744
336,1,0.9613027
337,0,0.017959615
338,1,0.9582588
339,1,0.9608817
340,1,0.9123083
341,0,0.018038938
342,0,0.01808135
343,1,0.9611892
344,0,0.017945407
345,1,0.96186936
346,0,0.03346308
347,1,0.9612917
348,0,0.038480826
349,0,0.037187725
350,0,0.11139284
351,0,0.021202093
352,0,0.017949542
353,0,0.023067549
354,0,0.024479693
355,1,0.9618064
356,0,0.1129972
357,1,0.9566283
358,0,0.018198939
359,0,0.11336562
360,0,0.111533836
361,1,0.95889235
362,0,0.023477117
363,1,0.96189946
364,0,0.017920978
365,0,0.018535608
366,1,0.9619963
367,1,0.961919
368,1,0.9606852
369,1,0.6529362
370,1,0.9617922
371,1,0.60319686
372,0,0.019289471
373,1,0.9617827
374,0,0.017957017
375,0,0.024082966
376,1,0.88990986
377,1,0.96158105
378,1,0.9605745
379,1,0.9618922
380,0,0.018400673
381,1,0.95237637
382,0,0.119116165
383,1,0.9609437
384,0,0.018145595
385,1,0.96166956
386,0,0.01796695
387,1,0.9616709
388,1,0.8280863
389,1,0.95080143
390,1,0.96167
391,1,0.8089778
392,0,0.018153459
393,0,0.018350812
394,1,0.958698
395,1,0.6791083
396,0,0.11122272
397,1,0.9604951
398,1,0.90861255
399,1,0.95613855
400,1,0.54260033
401,0,0.01837687
402,1,0.961603
403,0,0.018199028
404,1,0.9591341
405,0,0.0182202
406,1,0.9608462
407,0,0.017926903
408,1,0.96088445
409,0,0.027373638
410,0,0.017943332
411,1,0.9615373
412,0,0.117838554
413,1,0.96049124
414,0,0.026639584
415,0,0.018285584
416,1,0.961614
417,0,0.01843813
418,0,0.028195243
419,1,0.96203285
420,1,0.9003709
421,1,0.9604012
422,0,0.018030016
423,1,0.9586781
424,1,0.9619791
425,1,0.897036
426,1,0.9608221
427,1,0.9590226
428,0,0.018125862
429,1,0.95671237
430,0,0.019824352
431,0,0.017928524
432,1,0.96158624
433,0,0.017969027
434,1,0.9617151
435,0,0.019664323
436,1,0.95865303
437,0,0.0730618
438,1,0.96163327
439,1,0.9566518
440,0,0.017965132
441,0,0.017920675
442,0,0.025152406
443,0,0.018494887
444,0,0.11361645
445,1,0.96171224
446,0,0.032912638
447,1,0.9567293
448,1,0.503651
449,0,0.018138109
450,1,0.9619748
451,0,0.01793944
452,0,0.022198834
453,1,0.9616345
454,0,0.019691454
455,0,0.018547107
456,1,0.671881
457,1,0.9618728
458,1,0.9610236
459,0,0.018111484
460,1,0.9618918
461,1,0.9565437
462,0,0.038361013
463,0,0.028021477
464,1,0.95848423
465,0,0.026573166
466,1,0.95987964
467,1,0.9579352
468,1,0.8165175
469,1,0.9609021
470,0,0.017931145
471,0,0.19047527
472,1,0.9616222
473,0,0.022472084
474,1,0.72563744
475,0,0.019621573
476,0,0.12492593
477,0,0.029556997
478,0,0.17258376
479,1,0.9619607
480,0,0.11173717
481,0,0.017985763
482,0,0.028413126
483,0,0.035143513
484,0,0.017918402
485,1,0.6121741
486,0,0.020547241
487,0,0.019276083
488,1,0.9609316
489,0,0.2233451
490,0,0.01805271
491,1,0.9583186
492,1,0.9540768
493,1,0.9605391
494,1,0.95813346
495,0,0.018182946
496,0,0.025720892
497,0,0.017960692
498,0,0.018406205
499,1,0.9604152
500,0,0.018776527
501,1,0.90328526
502,0,0.01810792
503,0,0.017966824
504,1,0.58423764
505,1,0.9577157
506,0,0.01793301
507,0,0.018137071
508,1,0.9525388
509,0,0.018047847
510,0,0.01792839
511,1,0.96069545
512,0,0.01791383
513,0,0.018179962
514,1,0.8855745
515,1,0.8991044
516,1,0.8672281
517,1,0.8439047
518,0,0.13879114
519,0,0.017966302
520,1,0.9617045
521,0,0.017975768
522,1,0.9612875
523,0,0.13243273
524,0,0.017935352
525,0,0.01830788
526,0,0.018262668
527,1,0.9618205
528,0,0.25651255
529,1,0.95234174
530,1,0.6225267
531,1,0.94913954
532,1,0.9619414
533,1,0.96119726
534,0,0.020551095
535,0,0.104260735
536,1,0.8579844
537,1,0.9583547
538,0,0.11667418
539,0,0.3354574
540,1,0.85832155
541,1,0.96012145
542,1,0.9583226
543,0,0.018080605
544,0,0.018026339
545,1,0.9616684
546,1,0.9033378
547,0,0.017990172
548,1,0.9610757
549,0,0.018618556
550,0,0.018803006
551,0,0.01875459
552,0,0.11164757
553,0,0.12699656
554,1,0.95880777
555,1,0.96018434
556,0,0.025164198
557,1,0.67754936
558,0,0.018235367
559,1,0.85621
560,1,0.83856446
561,0,0.027569113
562,0,0.055912394
563,0,0.017927676
564,1,0.96192825
565,1,0.9576841
566,0,0.01793012
567,1,0.9609068
568,1,0.56721157
569,0,0.019013895
570,0,0.017954519
571,1,0.9607597
572,0,0.018020699
573,1,0.90736485
574,1,0.70331436
575,1,0.8968372
576,0,0.11152231
577,0,0.018751862
578,1,0.96170187
579,1,0.96105534
580,0,0.019367203
581,0,0.018336585
582,1,0.90057284
583,0,0.01829413
584,1,0.9605754
585,1,0.9517995
586,0,0.021808527
587,1,0.96165234
588,1,0.9617111
589,0,0.017938191
590,1,0.95314336
591,0,0.018099565
592,0,0.017940056
593,0,0.0319823
594,1,0.86984545
595,0,0.398141
596,0,0.019725686
597,1,0.9568479
598,0,0.025680698
599,0,0.01793499
600,1,0.96163106
601,0,0.11125431
602,0,0.03489174
603,1,0.9556807
604,1,0.9616514
605,0,0.01808587
606,1,0.96062326
607,0,0.018245794
608,1,0.9609657
609,1,0.7593107
610,0,0.023834523
611,0,0.11595706
612,0,0.039905157
613,0,0.05131877
614,1,0.961583
615,0,0.01806405
616,0,0.019049335
617,0,0.12247841
618,1,0.961503
619,0,0.4719718
620,1,0.9609155
621,0,0.14858373
622,1,0.9602732
623,0,0.017966226
624,1,0.961458
625,0,0.018439826
626,0,0.11254415
627,1,0.9604713
628,1,0.96012807
629,0,0.01842109
630,1,0.9619852
631,0,0.11526611
632,1,0.96036327
633,0,0.01889512
634,0,0.017988952
635,1,0.887404
636,0,0.16565318
637,1,0.7634801
638,0,0.018707013
639,0,0.017937224
640,0,0.021029463
641,0,0.113108575
642,1,0.96098423
643,0,0.017919451
644,0,0.0185663
645,1,0.9586022
646,0,0.01795948
647,1,0.87863743
648,1,0.8978809
649,1,0.72074234
650,0,0.020518797
651,0,0.018181259
652,1,0.6459963
653,0,0.018027779
654,1,0.959634
655,0,0.017944591
656,0,0.12804283
657,0,0.018180761
658,0,0.14268413
659,1,0.96065986
660,1,0.9618796
661,1,0.9579546
662,1,0.95827687
663,1,0.9549868
664,0,0.2184181
665,1,0.95564014
666,0,0.027351968
667,1,0.96167064
668,0,0.017957438
669,0,0.14366914
670,1,0.96094656
671,1,0.9489339
672,0,0.041553665
673,0,0.018003585
674,0,0.017924117
675,0,0.017934587
676,1,0.95094424
677,0,0.1198271
678,1,0.96155924
679,0,0.017914172
680,0,0.017950693
681,0,0.017927121
682,1,0.9616596
683,1,0.9602699
684,1,0.9592666
685,0,0.06383604
686,0,0.018098446
687,0,0.018062513
688,1,0.94584066
689,1,0.9616744
690,1,0.94640654
691,0,0.01799149
692,0,0.020335156
693,0,0.018068654
694,0,0.0216248
695,0,0.019981889
696,1,0.87460595
697,1,0.9036294
698,0,0.2207387
699,1,0.9616151
700,0,0.34021172
701,1,0.960561
702,0,0.11413554
703,1,0.9613547
704,0,0.12577984
705,0,0.11956672
706,0,0.017919635
707,1,0.8783847
708,1,0.8907122
709,1,0.9510873
710,1,0.9616479
711,1,0.9148749
712,0,0.11126884
713,1,0.82960546
714,1,0.95844513
715,0,0.017981073
716,0,0.017931823
717,0,0.020838005
718,0,0.0181831
719,0,0.0574406
720,0,0.04859668
721,1,0.96180034
722,1,0.95837736
723,1,0.944788
724,1,0.9600601
725,1,0.9618325
726,0,0.112654895
727,0,0.017947651
728,0,0.14263746
729,1,0.9614544
730,1,0.95872545
731,0,0.017953988
732,0,0.018829135
733,1,0.96197623
734,0,0.018074997
735,1,0.9615729
736,1,0.853185
737,1,0.89558214
738,1,0.9591942
739,0,0.110771306
740,1,0.9609858
741,0,0.033481132
742,1,0.943708
743,0,0.035426524
744,1,0.5564265
745,0,0.019029617
746,0,0.029843597
747,0,0.030680103
748,0,0.15308772
749,0,0.11903627
750,0,0.017925259
751,0,0.0180206
752,0,0.01795515
753,1,0.68565935
754,1,0.9618394
755,0,0.11471981
756,0,0.01815943
757,0,0.056337852
758,1,0.96135545
759,0,0.017954031
760,1,0.9561421
761,1,0.9620151
762,1,0.9619395
763,0,0.1786221
764,1,0.961211
765,1,0.9610001
766,0,0.018690022
767,1,0.9002539
768,0,0.20015068
769,0,0.021154676
770,1,0.83140594
771,0,0.12905833
772,0,0.032773618
773,0,0.018146291
774,0,0.019233814
775,1,0.5006626
776,1,0.96044225
777,0,0.03771731
778,0,0.12827817
779,0,0.2645269
780,0,0.018312199
781,1,0.8053149
782,1,0.96127856
783,0,0.017929053
784,0,0.017920433
785,1,0.67296684
786,1,0.9616162
787,1,0.9619758
788,1,0.6415693
789,1,0.95797473
790,0,0.1160426
791,0,0.017936518
792,0,0.017961718
793,0,0.01809327
794,1,0.96194017
795,0,0.017943844
796,1,0.9619005
797,1,0.86987424
798,0,0.11216475
799,0,0.017925058
800,1,0.9617495
801,0,0.026314717
802,0,0.023570256
803,0,0.018718341
804,0,0.017960733
805,1,0.96195364
806,0,0.018098928
807,1,0.7347375
808,0,0.01791404
809,1,0.9609121
810,0,0.0298571
811,1,0.9606069
812,0,0.017944887
813,0,0.017942341
814,0,0.018080765
815,0,0.114257194
816,1,0.95589954
817,0,0.017987654
818,1,0.9587537
819,0,0.11963197
820,0,0.017920868
821,1,0.96154267
822,0,0.017937964
823,0,0.11132631
824,1,0.9592529
825,0,0.017936083
826,1,0.9619749
827,0,0.018124115
828,0,0.017915063
829,1,0.9599152
830,1,0.96184134
831,1,0.8653178
832,0,0.11174378
833,0,0.019096136
834,1,0.9607905
835,0,0.018053893
836,0,0.01846103
837,0,0.018496186
838,0,0.01797044
839,0,0.043791912
840,1,0.9618868
841,1,0.9501094
842,0,0.017934142
843,1,0.96174365
844,0,0.29679722
845,1,0.90114117
846,0,0.0957471
847,0,0.12296129
848,1,0.95420575
849,0,0.054529034
850,0,0.017986888
851,1,0.85019207
852,1,0.9533875
853,1,0.961981
854,1,0.94688505
855,0,0.017961247
856,1,0.9607193
857,0,0.018008268
858,1,0.9617903
859,0,0.019000946
860,0,0.018299486
861,1,0.9543483
862,0,0.12268961
863,0,0.01799602
864,0,0.018011356
865,0,0.01793631
866,0,0.066328
867,1,0.90452486
868,1,0.95981026
869,1,0.5426266
870,1,0.96085435
871,0,0.024098862
872,1,0.5739776
873,1,0.72600746
874,1,0.9610023
875,1,0.9612949
876,0,0.04260661
877,1,0.96173614
878,1,0.9609971
879,1,0.9617962
880,0,0.017936662
881,1,0.90453446
882,0,0.017922666
883,0,0.018021373
884,1,0.94497293
885,1,0.9616169
886,0,0.01798568
887,1,0.96175724
888,0,0.11630449
889,0,0.21539918
890,0,0.017913736
891,0,0.030278366
892,1,0.8958212
893,1,0.6197385
894,1,0.79048395
895,1,0.96065694
896,1,0.95311
897,0,0.11061525
898,1,0.7979135
899,0,0.025589447
900,0,0.023113074
901,0,0.023278113
902,1,0.95948964
903,1,0.95408356
904,1,0.9598235
905,1,0.84505403
906,1,0.8679548
907,0,0.017937392
908,0,0.018611426
909,0,0.018058058
910,1,0.8452666
911,1,0.95949405
912,0,0.018013978
913,0,0.018000243
914,0,0.01876417
915,1,0.961675
916,0,0.11186455
917,1,0.9616754
918,1,0.96035725
919,1,0.8707821
920,1,0.9584585
921,0,0.12207956
922,1,0.958049
923,1,0.5696118
924,1,0.9613145
925,1,0.9609437
926,1,0.9550542
927,1,0.96175027
928,0,0.019002981
929,1,0.961099
930,0,0.48477405
931,1,0.95981264
932,0,0.11270914
933,1,0.9588107
934,0,0.11148905
935,0,0.14371754
936,1,0.96142775
937,1,0.96143824
938,0,0.14659022
939,0,0.017939845
940,1,0.959634
941,0,0.11104971
942,0,0.15322322
943,0,0.018568564
944,0,0.12499574
945,1,0.9619928
946,1,0.9553838
947,1,0.96189785
948,0,0.019415459
949,1,0.96179736
950,0,0.12111734
951,0,0.10410172
952,1,0.95623785
953,0,0.02491058
954,0,0.11818616
955,1,0.960629
956,1,0.94873565
957,0,0.11774067
958,0,0.116307594
959,1,0.9595093
960,0,0.020359742
961,0,0.017930321
962,1,0.9620391
963,1,0.9603866
964,0,0.029061694
965,1,0.9531631
966,0,0.018568028
967,0,0.43036884
968,0,0.021074712
969,0,0.11424832
970,0,0.023660755
971,1,0.95881146
972,1,0.9610182
973,0,0.020944975
974,1,0.5817445
975,0,0.02485445
976,0,0.017923051
977,1,0.96164596
978,1,0.57386255
979,1,0.96129143
980,0,0.03551568
981,1,0.96199554
982,1,0.8853342
983,0,0.059735328
984,0,0.33564067
985,1,0.95985514
986,1,0.96175677
987,0,0.032456502
988,1,0.9601032
989,1,0.96046567
990,1,0.9617483
991,0,0.018732892
992,0,0.017935611
993,0,0.019792443
994,1,0.95890814
995,0,0.02427203
996,1,0.9606922
997,0,0.017916942
998,0,0.1263407
999,1,0.95000696
1000,1,0.96194506
1001,1,0.96056354
1002,0,0.1214592
1003,0,0.020980714
1004,0,0.017991092
1005,1,0.9619596
1006,1,0.96125436
1007,0,0.017934596
1008,0,0.0360403
1009,0,0.4815577
1010,0,0.2923596
1011,0,0.02097541
1012,0,0.059793383
1013,0,0.017927753
1014,0,0.112327226
1015,0,0.12129047
1016,0,0.020326447
1017,1,0.96185213
1018,0,0.017955553
1019,0,0.01795568
1020,0,0.01793777
1021,1,0.9596258
1022,0,0.01794334
1023,0,0.12056639
1024,0,0.018654425
1025,0,0.38317025
1026,1,0.96197844
1027,1,0.9514363
1028,1,0.9612853
1029,0,0.017947417
1030,1,0.94603384
1031,0,0.031639338
1032,1,0.9604657
1033,0,0.01806199
1034,1,0.9557319
1035,1,0.6421847
1036,0,0.01793142
1037,1,0.9608917
1038,1,0.5957427
1039,0,0.018924918
1040,0,0.13705854
1041,0,0.017917596
1042,0,0.3809935
1043,0,0.017937368
1044,0,0.019059403
1045,0,0.01794255
1046,1,0.9615755
1047,0,0.018046744
1048,0,0.01796197
1049,1,0.882498
1050,0,0.01799249
1051,1,0.96201783
1052,1,0.96138585
1053,0,0.113936886
1054,1,0.9619658
1055,1,0.96097213
1056,1,0.96131545
1057,1,0.9618648
1058,1,0.7067985
1059,1,0.9617177
1060,1,0.9606877
1061,1,0.9613696
1062,0,0.020043062
1063,1,0.9616601
1064,1,0.96173745
1065,0,0.018087666
1066,0,0.018097498
1067,0,0.028760849
1068,1,0.8341502
1069,0,0.45638803
1070,0,0.03756929
1071,0,0.01892328
1072,1,0.87861407
1073,1,0.86116636
1074,0,0.01794692
1075,0,0.018034115
1076,1,0.96100974
1077,0,0.037748337
1078,0,0.031676132
1079,1,0.9616348
1080,1,0.96169657
1081,1,0.9606614
1082,1,0.9117497
1083,0,0.018038701
1084,0,0.018633613
1085,1,0.9474953
1086,0,0.13943735
1087,1,0.9620016
1088,1,0.9620161
1089,0,0.017994642
1090,1,0.5135917
1091,1,0.9481701
1092,1,0.8532128
1093,1,0.9617164
1094,1,0.8653116
1095,0,0.017944844
1096,0,0.017926762
1097,1,0.86055326
1098,1,0.90084594
1099,0,0.018059291
1100,0,0.018146848
1101,0,0.11121397
1102,1,0.9548519
1103,0,0.018023824
1104,0,0.017967783
1105,0,0.018234715
1106,0,0.13911256
1107,1,0.96011496
1108,1,0.96079326
1109,0,0.018118124
1110,0,0.018626215
1111,1,0.96118295
1112,1,0.9601577
1113,0,0.26637837
1114,0,0.01825563
1115,1,0.95439345
1116,0,0.018079847
1117,1,0.96195984
1118,0,0.01973758
1119,0,0.11562717
1120,1,0.9499309
1121,0,0.018090384
1122,1,0.9614856
1123,0,0.017949888
1124,0,0.11222481
1125,0,0.017972108
1126,1,0.9609394
1127,0,0.022272635
1128,1,0.95586467
1129,0,0.115408726
1130,1,0.9617556
1131,1,0.9564242
1132,0,0.030074019
1133,1,0.9590785
1134,1,0.9583533
1135,0,0.22225079
1136,0,0.060613025
1137,0,0.021109968
1138,1,0.95843476
1139,0,0.018068349
1140,0,0.15549521
1141,1,0.96132034
1142,1,0.8698712
1143,0,0.11145339
1144,1,0.95293176
1145,0,0.3696983
1146,1,0.55066985
1147,1,0.87262994
1148,1,0.95672226
1149,1,0.6706655
1150,0,0.01928747
1151,1,0.9618207
1152,0,0.01799744
1153,0,0.42137766
1154,0,0.017924486
1155,0,0.01840181
1156,0,0.11339193
1157,0,0.017960541
1158,1,0.7104129
1159,1,0.9616744
1160,1,0.9040891
1161,1,0.9071115
1162,0,0.01792071
1163,0,0.023715373
1164,1,0.9615278
1165,1,0.83458406
1166,0,0.01804733
1167,0,0.05611076
1168,1,0.9618141
1169,0,0.11194854
1170,1,0.95585585
1171,1,0.96207434
1172,0,0.017929357
1173,1,0.96196675
1174,1,0.9507117
1175,1,0.9618146
1176,1,0.95756537
1177,1,0.95913136
1178,1,0.96195704
1179,1,0.9619989
1180,0,0.2531446
1181,0,0.018133985
1182,0,0.0748532
1183,0,0.017928842
1184,1,0.9475547
1185,0,0.040578622
1186,0,0.017935252
1187,0,0.018032381
1188,0,0.0179351
1189,0,0.4505828
1190,0,0.03479552
1191,0,0.4815577
1192,1,0.96024454
1193,0,0.027206002
1194,0,0.11614949
1195,1,0.51753634
1196,1,0.9618323
1197,0,0.017980425
1198,1,0.96079355
1199,1,0.95826435
1200,1,0.7605674
1201,1,0.96191007
1202,0,0.04475784
1203,1,0.95981133
1204,0,0.01809726
1205,0,0.017923798
1206,1,0.96155953
1207,1,0.86307365
1208,1,0.9042163
1209,1,0.960223
1210,0,0.021058703
1211,0,0.12584808
1212,1,0.96150875
1213,0,0.112247385
1214,1,0.96160674
1215,1,0.9612302
1216,0,0.017945442
1217,1,0.87883645
1218,0,0.017920904
1219,1,0.95296675
1220,0,0.0179551
1221,0,0.017931303
1222,0,0.019744644
1223,1,0.9619437
1224,1,0.94642675
1225,1,0.8324008
1226,0,0.11382227
1227,0,0.017934453
1228,0,0.01794245
1229,1,0.8607926
1230,1,0.8734338
1231,0,0.1148102
1232,1,0.883557
1233,1,0.9617548
1234,1,0.9562225
1235,0,0.38807136
1236,1,0.95825374
1237,0,0.017953282
1238,0,0.44250086
1239,1,0.9564206
1240,1,0.961169
1241,0,0.11085471
1242,0,0.028030772
1243,1,0.96149606
1244,0,0.027551267
1245,0,0.017936964
1246,1,0.8567886
1247,1,0.88192564
1248,0,0.020012684
1249,1,0.9587
1250,1,0.6101313
1251,0,0.37956613
1252,1,0.9613763
1253,0,0.22955303
1254,1,0.9610724
1255,1,0.95263785
1256,1,0.6727113
1257,0,0.017946055
1258,0,0.018059973
1259,1,0.95839727
1260,0,0.018962827
1261,1,0.9106762
1262,0,0.44949722
1263,1,0.9524425
1264,0,0.4815577
1265,1,0.9602918
1266,1,0.96033996
1267,1,0.88690084
1268,0,0.12679091
1269,1,0.96189815
1270,0,0.018113226
1271,0,0.01895994
1272,0,0.03782554
1273,1,0.88072574
1274,0,0.06240769
1275,0,0.018007468
1276,0,0.017949207
1277,0,0.3564022
1278,0,0.12095452
1279,0,0.058082554
1280,1,0.9546658
1281,1,0.95613956
1282,1,0.96128047
1283,1,0.9612792
1284,0,0.019279867
1285,0,0.025905604
1286,0,0.017932588
1287,0,0.046065368
1288,1,0.95792305
1289,0,0.11076943
1290,1,0.9618559
1291,0,0.01950348
1292,1,0.8998289
1293,1,0.9620366
1294,1,0.96126986
1295,1,0.96087205
1296,1,0.88650495
1297,1,0.89174557
1298,1,0.9603457
1299,0,0.1118088
1300,1,0.95625615
1301,1,0.9569221
1302,1,0.95728403
1303,1,0.9611806
1304,1,0.96188766
1305,1,0.9606577
1306,1,0.9592952
1307,1,0.9614346
1308,0,0.30060276
1309,1,0.95938575
1310,1,0.9617226
1311,1,0.9617539
1312,0,0.020220298
1313,0,0.11228743
1314,1,0.9614609
1315,0,0.01808465
1316,0,0.47711965
1317,1,0.953422
1318,0,0.018009229
1319,0,0.019009512
1320,0,0.01791392
1321,1,0.9611844
1322,1,0.9616884
1323,0,0.018351834
1324,0,0.118607156
1325,0,0.017946307
1326,0,0.018019212
1327,1,0.50681126
1328,1,0.9570745
1329,1,0.9611749
1330,1,0.9615485
1331,1,0.959114
1332,1,0.96138585
1333,0,0.14791058
1334,1,0.960151
1335,0,0.019745536
1336,1,0.9608827
1337,1,0.954423
1338,1,0.9610255
1339,0,0.017964654
1340,1,0.9614642
1341,0,0.018886441
1342,0,0.019561604
1343,0,0.055031642
1344,0,0.017939996
1345,1,0.9601703
1346,1,0.96192086
1347,0,0.11137275
1348,1,0.9595432
1349,1,0.9490215
1350,1,0.50010425
1351,0,0.12011436
1352,0,0.023508923
1353,1,0.96119213
1354,1,0.9598271
1355,0,0.017940274
1356,1,0.9606831
1357,1,0.9609196
1358,0,0.11086056
1359,1,0.9617291
1360,1,0.96094644
1361,1,0.76282907
1362,1,0.96088076
1363,1,0.9618154
1364,0,0.01794297
1365,1,0.96065736
1366,1,0.9591863
1367,1,0.96146774
1368,0,0.017960986
1369,0,0.1110467
1370,1,0.96125805
1371,1,0.9608432
1372,1,0.9615755
1373,0,0.025757065
1374,1,0.9490123
1375,0,0.042936925
1376,0,0.036596283
1377,1,0.9598447
1378,0,0.060621962
1379,0,0.02233909
1380,0,0.018203575
1381,1,0.7042312
1382,1,0.96147114
1383,0,0.017914904
1384,1,0.9612862
1385,0,0.017946584
1386,0,0.026581956
1387,0,0.019540405
1388,1,0.96018225
1389,1,0.9618792
1390,1,0.86572236
1391,1,0.95934296
1392,0,0.112294845
1393,1,0.961271
1394,0,0.36172858
1395,0,0.047501188
1396,1,0.95669675
1397,0,0.113634355
1398,0,0.1034896
1399,1,0.96182317
1400,1,0.96203834
1401,0,0.09910059
1402,0,0.01803219
1403,0,0.2718225
1404,0,0.14540012
1405,1,0.9620348
1406,0,0.018260652
1407,0,0.017955696
1408,0,0.01802091
1409,0,0.19946636
1410,1,0.8790026
1411,0,0.018174997
1412,0,0.017934335
1413,1,0.87211686
1414,0,0.021120543
1415,1,0.9600342
1416,0,0.017941425
1417,1,0.95301646
1418,0,0.11066234
1419,1,0.9603478
1420,0,0.018365154
1421,0,0.017931102
1422,0,0.017926753
1423,1,0.96195793
1424,1,0.866426
1425,0,0.067984305
1426,1,0.94947666
1427,0,0.019317836
1428,0,0.08112318
1429,0,0.018578632
1430,0,0.116269164
1431,0,0.018096594
1432,1,0.96145284
1433,0,0.11085485
1434,0,0.025676241
1435,0,0.017922807
1436,1,0.96121335
1437,1,0.68599707
1438,0,0.017948383
1439,1,0.8349288
1440,1,0.960329
1441,1,0.95729715
1442,1,0.9620068
1443,0,0.061514895
1444,0,0.018123053
1445,1,0.96156526
1446,0,0.01797715
1447,0,0.021337206
1448,0,0.017948367
1449,0,0.08593099
1450,1,0.9603206
1451,0,0.15786237
1452,0,0.017915558
1453,1,0.9615258
1454,1,0.8494348
1455,1,0.9620098
1456,0,0.13267484
1457,0,0.28197858
1458,0,0.025744205
1459,1,0.9608191
1460,1,0.9509131
1461,0,0.018017162
1462,1,0.7974561
1463,0,0.017918946
1464,0,0.01795272
1465,1,0.9461795
1466,1,0.9598743
1467,0,0.018680714
1468,1,0.9594742
1469,0,0.017969323
1470,0,0.1146607
1471,0,0.111306734
1472,0,0.017973252
1473,0,0.025786318
1474,0,0.017972622
1475,1,0.9531088
1476,0,0.030121226
1477,0,0.047397163
1478,0,0.020143664
1479,1,0.89741576
1480,0,0.018443536
1481,1,0.94685996
1482,0,0.020956285
1483,1,0.9601386
1484,0,0.018287186
1485,1,0.60061866
1486,0,0.019094462
1487,0,0.02105367
1488,0,0.3000699
1489,1,0.86284107
1490,1,0.96128905
1491,0,0.11312666
1492,0,0.397363
1493,0,0.4815577
1494,0,0.01797204
1495,1,0.96091783
1496,0,0.018613834
1497,1,0.95223075
1498,0,0.018184971
1499,0,0.12002163
1500,1,0.96192926
1501,1,0.9460923
1502,1,0.9548055
1503,0,0.018219858
1504,1,0.96188515
1505,1,0.96155095
1506,1,0.94963676
1507,0,0.20563054
1508,1,0.96168035
1509,0,0.112470634
1510,0,0.017994322
1511,0,0.018349186
1512,1,0.9619842
1513,1,0.89449555
1514,1,0.96032774
1515,1,0.9565077
1516,1,0.9568285
1517,1,0.9616584
1518,1,0.5597867
1519,1,0.9616249
1520,1,0.95215076
1521,0,0.06877369
1522,0,0.017996415
1523,1,0.96206594
1524,0,0.017916976
1525,0,0.018286841
1526,1,0.95981795
1527,1,0.96072865
1528,0,0.018049506
1529,0,0.01798589
1530,1,0.9616496
1531,1,0.9596486
1532,1,0.68588924
1533,1,0.96029764
1534,1,0.9482116
1535,1,0.95893717
1536,0,0.02167179
1537,1,0.9617828
1538,1,0.9569075
1539,0,0.017917572
1540,0,0.018007316
1541,0,0.018241886
1542,1,0.9616195
1543,1,0.96148646
1544,0,0.019865455
1545,1,0.94144475
1546,1,0.96012235
1547,1,0.8683952
1548,1,0.8530246
1549,1,0.95455474
1550,1,0.9611506
1551,1,0.96202314
1552,1,0.888161
1553,0,0.1144541
1554,0,0.01802079
1555,1,0.96077937
1556,1,0.9610191
1557,1,0.9616462
1558,0,0.017993614
1559,1,0.961656
1560,0,0.017933318
1561,1,0.64613736
1562,1,0.9579757
1563,0,0.017917136
1564,1,0.9545393
1565,0,0.018007869
1566,1,0.96199656
1567,0,0.22964436
1568,0,0.018111194
1569,1,0.9551659
1570,1,0.88755995
1571,1,0.96209145
1572,0,0.017980803
1573,1,0.7864847
1574,1,0.90736943
1575,0,0.018062282
1576,0,0.017920878
1577,1,0.90637565
1578,1,0.9603927
1579,0,0.033549678
1580,1,0.961655
1581,0,0.018583093
1582,1,0.9618686
1583,0,0.12128169
1584,1,0.9590082
1585,1,0.9619042
1586,1,0.9587261
1587,1,0.9615654
1588,1,0.9619888
1589,0,0.21093085
1590,0,0.017959522
1591,0,0.017969003
1592,1,0.9617138
1593,1,0.89317095
1594,0,0.17644681
1595,0,0.1113815
1596,0,0.017953258
1597,1,0.9614157
1598,0,0.0390412
1599,0,0.110643804
1600,0,0.017941123
1601,1,0.96177775
1602,0,0.017963592
1603,1,0.9602006
1604,1,0.96195686
1605,0,0.017920181
1606,0,0.023108367
1607,0,0.11069923
1608,0,0.31501162
1609,0,0.017928742
1610,1,0.7619579
1611,1,0.9618172
1612,1,0.9587008
1613,1,0.96191925
1614,1,0.8573386
1615,0,0.058589686
1616,1,0.8872551
1617,1,0.96169406
1618,1,0.89464426
1619,1,0.9614973
1620,1,0.96122736
1621,0,0.018128112
1622,0,0.018277034
1623,1,0.9614844
1624,0,0.01809207
1625,1,0.95772207
1626,0,0.021231616
1627,0,0.01794893
1628,0,0.11081032
1629,0,0.11235936
1630,1,0.9618687
1631,0,0.018144274
1632,1,0.9491519
1633,0,0.03721978
1634,1,0.57205904
1635,0,0.017967556
1636,0,0.017991327
1637,1,0.95753807
1638,1,0.89323294
1639,1,0.95638883
1640,0,0.017970359
1641,1,0.9620034
1642,0,0.01868363
1643,0,0.44777533
1644,0,0.12828235
1645,0,0.1203323
1646,0,0.01827614
1647,1,0.9580041
1648,0,0.11073815
1649,0,0.018117122
1650,1,0.9599237
1651,0,0.11437784
1652,0,0.018462036
1653,1,0.96095395
1654,0,0.017958077
1655,0,0.17364936
1656,0,0.018611547
1657,1,0.960305
1658,0,0.019115148
1659,0,0.02001014
1660,1,0.9618815
1661,1,0.96105367
1662,1,0.95926595
1663,0,0.020003479
1664,0,0.01885046
1665,0,0.017946417
1666,0,0.018102217
1667,0,0.22732833
1668,0,0.21332832
1669,0,0.018214008
1670,1,0.8880722
1671,0,0.017926333
1672,1,0.96202624
1673,1,0.9572261
1674,0,0.029514126
1675,0,0.019418376
1676,1,0.9575036
1677,1,0.87270916
1678,0,0.4815577
1679,0,0.018156765
1680,0,0.0181076
1681,1,0.961492
1682,1,0.9603782
1683,0,0.018768046
1684,1,0.9616501
1685,1,0.96144176
1686,1,0.9058165
1687,0,0.01815766
1688,0,0.018284021
1689,1,0.8607678
1690,0,0.017916547
1691,1,0.9561618
1692,0,0.017965125
1693,0,0.018088484
1694,1,0.96026534
1695,0,0.030083602
1696,1,0.9573625
1697,0,0.01793804
1698,0,0.121443406
1699,1,0.9613713
1700,1,0.96181744
1701,1,0.7665781
1702,0,0.11171403
1703,0,0.017920684
1704,0,0.04268591
1705,0,0.018238796
1706,1,0.961481
1707,0,0.018365765
1708,0,0.01802218
1709,1,0.96164495
1710,0,0.018203575
1711,1,0.8581612
1712,1,0.95954454
1713,1,0.95908827
1714,0,0.017924612
1715,0,0.017992789
1716,0,0.031045178
1717,0,0.018171035
1718,0,0.017950147
1719,0,0.13413016
1720,0,0.020136338
1721,0,0.021845875
1722,1,0.96160465
1723,0,0.15219732
1724,1,0.87644905
1725,1,0.9603935
1726,0,0.028156767
1727,1,0.96195847
1728,0,0.017923035
1729,1,0.9599736
1730,1,0.96185064
1731,1,0.9544176
1732,1,0.8648399
1733,0,0.01982047
1734,0,0.018005338
1735,0,0.1217605
1736,0,0.11095311
1737,1,0.96189344
1738,0,0.018858673
1739,0,0.13470984
1740,0,0.042937815
1741,1,0.961471
1742,1,0.9589182
1743,0,0.03135349
1744,0,0.017952947
1745,1,0.63518447
1746,1,0.96147686
1747,0,0.02723726
1748,1,0.96103585
1749,0,0.35871887
1750,1,0.9571881
1751,1,0.887444
1752,0,0.11513135
1753,1,0.9526069
1754,1,0.96015
1755,0,0.2441058
1756,1,0.9612626
1757,0,0.1168171
1758,0,0.07383273
1759,1,0.76193875
1760,0,0.019710034
1761,0,0.20267232
1762,0,0.13508469
1763,1,0.9620087
1764,0,0.027585916
1765,1,0.9610748
1766,1,0.9570053
1767,0,0.20605898
1768,1,0.9616074
1769,0,0.018754805
1770,1,0.9617925
1771,0,0.27536848
1772,1,0.9617204
1773,1,0.9590476
1774,1,0.96168214
1775,1,0.8521951
1776,0,0.1621876
1777,0,0.12409835
1778,1,0.96002454
1779,1,0.87696916
1780,0,0.018375956
1781,0,0.018067628
1782,0,0.0238873
1783,1,0.8803855
1784,1,0.949888
1785,0,0.017959304
1786,0,0.018136948
1787,1,0.9595684
1788,1,0.955318
1789,0,0.028797833
1790,0,0.029480657
1791,1,0.96079797
1792,0,0.01825208
1793,1,0.96184707
1794,1,0.9618151
1795,1,0.96182436
1796,0,0.019533442
1797,1,0.96177727
1798,1,0.95838183
1799,1,0.95992696
1800,1,0.96209
1801,0,0.14000708
1802,1,0.9616523
1803,1,0.96162844
1804,1,0.83327967
1805,0,0.018316215
1806,0,0.018118676
1807,1,0.96147853
1808,0,0.2815629
1809,0,0.01794344
1810,1,0.9610134
1811,1,0.8611908
1812,1,0.87625647
1813,1,0.96178657
1814,0,0.017925367
1815,1,0.9620398
1816,0,0.022285657
1817,0,0.046555
1818,0,0.017926913
1819,1,0.9609404
1820,1,0.9617918
1821,0,0.018259576
1822,1,0.85621
1823,0,0.018253906
1824,0,0.017914342
1825,1,0.9603847
1826,1,0.8996227
1827,0,0.017914718
1828,0,0.01809734
1829,1,0.96141636
1830,0,0.017919444
1831,1,0.6413095
1832,0,0.017935554
1833,1,0.9102974
1834,1,0.96201974
1835,0,0.042330585
1836,0,0.3053285
1837,0,0.017932707
1838,0,0.14934178
1839,0,0.0183124
1840,1,0.9578303
1841,1,0.9522627
1842,0,0.117215544
1843,1,0.9562226
1844,1,0.9501379
1845,0,0.017940972
1846,1,0.95767975
1847,1,0.9597596
1848,0,0.018015787
1849,1,0.9612007
1850,0,0.04263512
1851,0,0.018002983
1852,1,0.96071434
1853,0,0.01795589
1854,1,0.95772064
1855,1,0.9620287
1856,1,0.89933246
1857,0,0.11151873
1858,0,0.017916271
1859,1,0.96205986
1860,0,0.018413749
1861,1,0.9616728
1862,0,0.017942375
1863,0,0.059281398
1864,0,0.026696207
1865,0,0.121717185
1866,0,0.01791779
1867,1,0.9614509
1868,1,0.9610189
1869,0,0.04306333
1870,1,0.9619421
1871,0,0.12029406
1872,0,0.03631241
1873,1,0.9615332
1874,1,0.9589748
1875,0,0.04453175
1876,0,0.020808712
1877,1,0.9608215
1878,0,0.03716369
1879,0,0.017997747
1880,1,0.88818145
1881,1,0.9441087
1882,1,0.9615987
1883,1,0.9581916
1884,0,0.042082246
1885,0,0.017947156
1886,0,0.30759594
1887,0,0.018257353
1888,0,0.03522188
1889,1,0.9617712
1890,1,0.90181273
1891,1,0.9607534
1892,1,0.9610487
1893,1,0.95921046
1894,1,0.75365734
1895,1,0.96152943
1896,0,0.022874072
1897,0,0.018029116
1898,0,0.017922992
1899,0,0.034020763
1900,1,0.95653397
1901,1,0.95394826
1902,1,0.9558724
1903,0,0.017939938
1904,1,0.96184975
1905,0,0.017969288
1906,0,0.033778075
1907,1,0.51142013
1908,0,0.11090674
1909,0,0.018813988
1910,1,0.9514161
1911,1,0.95875525
1912,0,0.017918738
1913,1,0.8450906
1914,1,0.9582223
1915,0,0.017944964
1916,0,0.39724326
1917,1,0.9598675
1918,0,0.017962324
1919,1,0.53507996
1920,0,0.019122887
1921,1,0.96163714
1922,1,0.9619606
1923,1,0.9607664
1924,0,0.018431792
1925,1,0.62840384
1926,1,0.9598365
1927,1,0.73449886
1928,0,0.1240182
1929,0,0.11480133
1930,1,0.9618146
1931,1,0.9618064
1932,1,0.9617398
1933,1,0.8867691
1934,1,0.69867116
1935,1,0.5935372
1936,1,0.9616274
1937,1,0.96126384
1938,0,0.11752891
1939,0,0.0179633
1940,1,0.7539797
1941,0,0.019592827
1942,1,0.96085805
1943,0,0.11087045
1944,1,0.96130633
1945,0,0.017937535
1946,0,0.02015827
1947,0,0.19198701
1948,1,0.961585
1949,1,0.960539
1950,0,0.111333705
1951,0,0.018017214
1952,0,0.017913872
1953,0,0.2995642
1954,0,0.018358476
1955,1,0.9499963
1956,1,0.9617665
1957,0,0.027385125
1958,0,0.01797736
1959,1,0.96003234
1960,1,0.96001804
1961,1,0.94923294
1962,1,0.9609655
1963,0,0.017997243
1964,1,0.96008706
1965,0,0.12025652
1966,1,0.96059287
1967,0,0.4815577
1968,1,0.957124
1969,0,0.01793096
1970,0,0.4815577
1971,0,0.069811285
1972,1,0.9616282
1973,0,0.018017825
1974,1,0.8490621
1975,1,0.9611538
1976,1,0.9508524
1977,1,0.95928633
1978,0,0.019931098
1979,1,0.6584965
1980,1,0.96118563
1981,0,0.018225318
1982,1,0.9613505
1983,1,0.96174586
1984,0,0.018040974
1985,0,0.021903664
1986,1,0.94814056
1987,1,0.95870614
1988,0,0.017915718
1989,0,0.1886386
1990,1,0.96059716
1991,1,0.9528528
1992,1,0.9620355
1993,0,0.018289639
1994,0,0.121027194
1995,0,0.017920893
1996,1,0.9616096
1997,1,0.9600843
1998,1,0.9616637
1999,0,0.11651935
2000,0,0.017922623
2001,0,0.044945948
2002,0,0.052571326
2003,1,0.9613118
2004,0,0.017970653
2005,0,0.33366182
2006,0,0.11841223
2007,0,0.018032117
2008,0,0.11720405
2009,1,0.8870934
2010,1,0.9608531
2011,0,0.4815577
2012,0,0.017967118
2013,1,0.9617506
2014,0,0.017961532
2015,1,0.889516
2016,1,0.95143336
2017,0,0.017957302
2018,1,0.91236377
2019,0,0.11735481
2020,0,0.110875644
2021,0,0.019860143
2022,1,0.96166694
2023,1,0.96100557
2024,1,0.9615159
2025,1,0.86202455
2026,1,0.95980793
2027,0,0.021834314
2028,1,0.9615689
2029,1,0.9616841
2030,0,0.04131444
2031,0,0.017922817
2032,0,0.4815577
2033,0,0.01837892
2034,0,0.017957108
2035,1,0.95273894
2036,1,0.8591841
2037,0,0.018268455
2038,0,0.017939989
2039,1,0.9455069
2040,1,0.9574644
2041,1,0.9620205
2042,0,0.017933235
2043,0,0.01793153
2044,1,0.9620668
2045,1,0.65458894
2046,0,0.4815577
2047,1,0.63227695
2048,1,0.9609697
2049,0,0.018211074
2050,0,0.4815577
2051,1,0.9614565
2052,0,0.017939912
2053,0,0.020458855
2054,0,0.031122262
2055,0,0.017944476
2056,1,0.95050716
2057,1,0.9619722
2058,1,0.9606571
2059,1,0.9581613
2060,0,0.027641894
2061,0,0.017929144
2062,1,0.9572249
2063,0,0.031578034
2064,0,0.017944476
2065,1,0.9056793
2066,1,0.88962334
2067,0,0.018014308
2068,0,0.017926242
2069,0,0.018475136
2070,1,0.9541055
2071,1,0.8846521
2072,1,0.96180576
2073,1,0.96206707
2074,0,0.46537915
2075,1,0.9579989
2076,1,0.95752996
2077,0,0.017941551
2078,0,0.017952595
2079,0,0.018132882
2080,1,0.96144384
2081,0,0.11428223
2082,1,0.86242676
2083,1,0.96098804
2084,0,0.018152792
2085,0,0.275216
2086,1,0.95886254
2087,1,0.73985404
2088,1,0.95991415
2089,0,0.01944958
2090,0,0.017929422
2091,1,0.96187377
2092,1,0.9610083
2093,1,0.9532597
2094,0,0.017961843
2095,0,0.029403195
2096,0,0.11080121
2097,0,0.017933713
2098,1,0.96182513
2099,1,0.9594779
2100,1,0.96172935
2101,0,0.018125085
2102,0,0.028098816
2103,0,0.017926652
2104,0,0.017945962
2105,0,0.051209006
2106,1,0.96167696
2107,1,0.95788634
2108,1,0.9613188
2109,0,0.01802917
2110,1,0.94886243
2111,1,0.95866495
2112,0,0.01842158
2113,0,0.018247558
2114,1,0.9611683
2115,0,0.042649653
2116,1,0.9617783
2117,1,0.95876074
2118,0,0.017938366
2119,0,0.14648886
2120,1,0.8629547
2121,0,0.025012488
2122,0,0.017983522
2123,0,0.05301444
2124,1,0.9614285
2125,0,0.025864922
2126,1,0.85610044
2127,1,0.96175635
2128,0,0.10905334
2129,1,0.9488781
2130,1,0.558523
2131,1,0.96052325
2132,1,0.96140605
2133,0,0.01805324
2134,1,0.9610799
2135,0,0.018123334
2136,1,0.962029
2137,1,0.896384
2138,0,0.02162597
2139,0,0.0180225
2140,0,0.139265
2141,0,0.11490435
2142,1,0.96174884
2143,1,0.96074057
2144,0,0.2975428
2145,1,0.89485484
2146,1,0.95951104
2147,1,0.95809627
2148,1,0.9564861
2149,1,0.9614018
2150,1,0.96202457
2151,1,0.96158415
2152,1,0.9614509
2153,1,0.8893132
2154,0,0.024459848
2155,0,0.018014189
2156,0,0.15235876
2157,0,0.01893389
2158,0,0.017957421
2159,1,0.9618031
2160,1,0.9619724
2161,1,0.9589958
2162,1,0.9619058
2163,0,0.017946836
2164,1,0.96206266
2165,1,0.9540967
2166,0,0.020155746
2167,0,0.018063009
2168,0,0.017951518
2169,1,0.89457047
2170,1,0.9538547
2171,1,0.9615027
2172,1,0.608825
2173,1,0.952654
2174,0,0.017947644
2175,0,0.026610108
2176,0,0.112678766
2177,0,0.01801626
2178,0,0.017987056
2179,1,0.96163607
2180,1,0.95907587
2181,0,0.022325436
2182,0,0.020564755
2183,0,0.019503376
2184,1,0.9617708
2185,0,0.11159069
2186,1,0.96159
2187,0,0.018704379
2188,1,0.9601095
2189,0,0.018389007
2190,0,0.017919786
2191,1,0.87120247
2192,1,0.9616487
2193,0,0.018075999
2194,1,0.9589604
2195,1,0.96090615
2196,1,0.84923315
2197,0,0.018183354
2198,0,0.13561085
2199,1,0.96085036
2200,1,0.89558375
2201,1,0.87602156
2202,0,0.018398141
2203,1,0.9617302
2204,1,0.9608005
2205,1,0.95900637
2206,1,0.96122766
2207,0,0.019607663
2208,1,0.9614004
2209,1,0.85182214
2210,1,0.9610274
2211,1,0.9612705
2212,1,0.65977794
2213,1,0.9596665
2214,0,0.018175311
2215,1,0.96200573
2216,0,0.017924394
2217,1,0.9605452
2218,0,0.020815134
2219,0,0.019163366
2220,0,0.017998885
2221,1,0.96143466
2222,0,0.017918184
2223,0,0.017980307
2224,0,0.018050566
2225,0,0.16154756
2226,0,0.11081114
2227,0,0.04693317
2228,1,0.9607739
2229,1,0.9615216
2230,1,0.96189606
2231,0,0.018172698
2232,1,0.8743153
2233,1,0.9618941
2234,0,0.025388114
2235,1,0.63243794
2236,0,0.04409425
2237,0,0.018525558
2238,1,0.961797
2239,1,0.96170485
2240,0,0.017930934
2241,0,0.017990325
2242,0,0.043726984
2243,1,0.9615381
2244,1,0.86258054
2245,1,0.9599206
2246,1,0.95198756
2247,0,0.11076635
2248,1,0.8925447
2249,0,0.11281326
2250,0,0.01793762
2251,1,0.9540869
2252,0,0.11394083
2253,1,0.96017927
2254,1,0.90357655
2255,1,0.9606827
2256,0,0.018006966
2257,0,0.42290968
2258,0,0.017945996
2259,0,0.11071061
2260,1,0.95777386
2261,1,0.9515185
2262,1,0.9617888
2263,0,0.01818923
2264,0,0.17794076
2265,0,0.01922248
2266,0,0.1277255
2267,0,0.11386774
2268,0,0.4815577
2269,1,0.8804579
2270,1,0.9613171
2271,0,0.01803892
2272,0,0.017936442
2273,0,0.13060725
2274,1,0.9618053
2275,0,0.022845421
2276,0,0.024351615
2277,0,0.018017951
2278,0,0.018153735
2279,1,0.9613836
2280,1,0.96020466
2281,0,0.018566087
2282,0,0.019893304
2283,0,0.02985039
2284,1,0.67520285
2285,1,0.9616043
2286,1,0.96026886
2287,0,0.037384804
2288,1,0.9619255
2289,1,0.9606575
2290,1,0.96199876
2291,1,0.95931137
2292,0,0.4815577
2293,0,0.01791383
2294,1,0.96139735
2295,0,0.017964013
2296,0,0.1363828
2297,0,0.017969886
2298,1,0.95980674
2299,1,0.96070665
2300,0,0.01794418
2301,1,0.96177906
2302,1,0.5944639
2303,1,0.9620794
2304,0,0.113732636
2305,1,0.95989126
2306,0,0.32522976
2307,0,0.018514074
2308,1,0.9617373
2309,0,0.017918007
2310,1,0.8756294
2311,0,0.017959775
2312,0,0.21150357
2313,1,0.96155435
2314,0,0.018043
2315,0,0.23636042
2316,0,0.1144937
2317,1,0.9465874
2318,1,0.8372241
2319,0,0.017987493
2320,0,0.25504705
2321,1,0.958032
2322,0,0.01791638
2323,0,0.018008875
2324,0,0.1153077
2325,0,0.018324886
2326,1,0.9608418
2327,0,0.017976105
2328,0,0.018103717
2329,1,0.8808195
2330,1,0.9611406
2331,0,0.017937627
2332,1,0.96202403
2333,0,0.029983912
2334,0,0.028897036
2335,0,0.045300864
2336,0,0.02437383
2337,1,0.96181864
2338,0,0.017943509
2339,1,0.9617639
2340,0,0.4815577
2341,1,0.9605828
2342,0,0.018459992
2343,0,0.01792954
2344,1,0.9471371
2345,0,0.01802012
2346,0,0.019145546
2347,1,0.9618846
2348,1,0.96178985
2349,0,0.11062135
2350,1,0.960404
2351,0,0.11222106
2352,1,0.95991236
2353,0,0.01794035
2354,0,0.22704805
2355,1,0.9439366
2356,1,0.96176237
2357,0,0.01864604
2358,1,0.9498598
2359,0,0.022250922
2360,1,0.9590804
2361,0,0.018150132
2362,1,0.9044956
2363,0,0.018896556
2364,0,0.018145803
2365,0,0.018106109
2366,0,0.111171424
2367,0,0.018168965
2368,1,0.8944593
2369,0,0.018331204
2370,0,0.047350254
2371,0,0.017918997
2372,0,0.12179517
2373,1,0.85870373
2374,1,0.9608818
2375,0,0.12718181
2376,1,0.8617283
2377,1,0.96190035
2378,0,0.01794219
2379,0,0.032846324
2380,1,0.96124697
2381,0,0.28214476
2382,1,0.95196855
2383,1,0.96187854
2384,1,0.96183366
2385,1,0.9604984
2386,1,0.9508509
2387,1,0.9054991
2388,0,0.01799779
2389,1,0.9036236
2390,1,0.9602728
2391,0,0.1773999
2392,0,0.02924336
2393,0,0.017949324
2394,1,0.8736302
2395,1,0.961489
2396,1,0.94467944
2397,0,0.17441325
2398,1,0.95797175
2399,1,0.9609276
2400,0,0.017923648
2401,0,0.04958043
2402,1,0.68854177
2403,0,0.017930135
2404,0,0.34041846
2405,1,0.95946497
2406,0,0.020555029
2407,1,0.95962983
2408,1,0.8282385
2409,0,0.02315621
2410,1,0.953912
2411,1,0.9585873
2412,0,0.017983034
2413,1,0.9618753
2414,0,0.018540442
2415,0,0.06324093
2416,0,0.019625328
2417,1,0.96188027
2418,1,0.96209455
2419,1,0.9612898
2420,0,0.018088289
2421,1,0.9619202
2422,1,0.9604973
2423,1,0.96154475
2424,0,0.018367028
2425,0,0.018804854
2426,0,0.021422647
2427,0,0.01804327
2428,0,0.054118413
2429,1,0.94478023
2430,0,0.03075609
2431,1,0.9615472
2432,1,0.9589984
2433,0,0.027108997
2434,0,0.11078404
2435,0,0.018277591
2436,0,0.017984053
2437,0,0.022163732
2438,0,0.13603763
2439,1,0.9585751
2440,1,0.96157885
2441,0,0.018259889
2442,0,0.019399505
2443,1,0.95100373
2444,1,0.9586391
2445,0,0.017949728
2446,1,0.9617809
2447,0,0.01837574
2448,0,0.41777417
2449,0,0.11742546
2450,1,0.96137
2451,0,0.018085638
2452,0,0.02942454
2453,0,0.01815065
2454,0,0.017924612
2455,0,0.017937526
2456,1,0.9587291
2457,1,0.88438964
2458,1,0.9591965
2459,0,0.01828033
2460,1,0.9616558
2461,0,0.018387433
2462,0,0.017972866
2463,0,0.024329284
2464,0,0.11580773
2465,0,0.46866015
2466,0,0.028776716
2467,1,0.88120574
2468,0,0.122007325
2469,1,0.9614996
2470,1,0.95988995
2471,1,0.9612768
2472,0,0.11329563
2473,0,0.017937208
2474,0,0.11132827
2475,0,0.0181401
2476,1,0.9617614
2477,1,0.7599466
2478,1,0.96138155
2479,1,0.89534336
2480,0,0.120129526
2481,1,0.96154404
2482,1,0.9617185
2483,1,0.9620156
2484,1,0.9618286
2485,1,0.9600278
2486,0,0.11763188
2487,1,0.8535801
2488,0,0.12283521
2489,1,0.9564706
2490,0,0.01797736
2491,0,0.117338315
2492,1,0.84693205
2493,1,0.6329183
2494,1,0.961984
2495,1,0.8266414
2496,0,0.01795083
2497,0,0.018005693
2498,0,0.018017441
2499,0,0.110802986
2500,1,0.89478683
2501,0,0.01828621
2502,0,0.017938577
2503,1,0.78045326
2504,1,0.6602379
2505,1,0.9608573
2506,0,0.1223554
2507,0,0.017932277
2508,1,0.95529056
2509,1,0.96073824
2510,1,0.962041
2511,1,0.90678936
2512,0,0.018247344
2513,0,0.018060273
2514,1,0.96197647
2515,1,0.96001697
2516,0,0.06866611
2517,1,0.77311736
2518,1,0.61885995
2519,0,0.01794934
2520,1,0.76076835
2521,1,0.85071844
2522,0,0.017977227
2523,1,0.95885235
2524,1,0.96202093
2525,0,0.023319576
2526,0,0.15180573
2527,1,0.96012586
2528,1,0.9585053
2529,1,0.9612866
2530,1,0.9435525
2531,0,0.02162267
2532,1,0.9590522
2533,0,0.018907553
2534,0,0.017931774
2535,0,0.112289324
2536,0,0.01969908
2537,1,0.8549835
2538,0,0.024771301
2539,0,0.017955124
2540,0,0.11187744
2541,1,0.95968485
2542,1,0.9564497
2543,1,0.9604982
2544,0,0.11279731
2545,1,0.9618355
2546,0,0.018057203
2547,0,0.017953308
2548,0,0.017920215
2549,1,0.95699614
2550,0,0.01802277
2551,0,0.017924117
2552,1,0.9513619
2553,0,0.03318016
2554,1,0.9466674
2555,1,0.94839954
2556,0,0.114950076
2557,0,0.021784773
2558,0,0.018054511
2559,1,0.96087646
2560,0,0.019631501
2561,0,0.018131748
2562,1,0.9616096
2563,0,0.017948039
2564,0,0.01791392
2565,0,0.12204273
2566,0,0.022612676
2567,1,0.96188235
2568,1,0.9619959
2569,0,0.018027073
2570,1,0.9613466
2571,1,0.83152795
2572,1,0.96177113
2573,0,0.02155832
2574,0,0.018231684
2575,1,0.8753397
2576,0,0.34814048
2577,1,0.9620205
2578,1,0.96101063
2579,0,0.017929817
2580,1,0.9618987
2581,1,0.95963293
2582,0,0.01791888
2583,0,0.018662423
2584,0,0.018176869
2585,1,0.96113706
2586,1,0.96154135
2587,1,0.89145285
2588,1,0.94877154
2589,0,0.018182103
2590,0,0.02454971
2591,0,0.017937375
2592,1,0.8584201
2593,0,0.018306585
2594,0,0.111064374
2595,0,0.018417062
2596,0,0.2564833
2597,0,0.030139891
2598,1,0.961343
2599,1,0.96200615
2600,0,0.030490454
2601,0,0.019235153
2602,1,0.9612423
2603,1,0.96136546
2604,0,0.019116135
2605,0,0.03668076
2606,1,0.8669019
2607,0,0.017946525
2608,0,0.1184233
2609,0,0.01933471
2610,1,0.9604883
2611,0,0.018470217
2612,0,0.024640549
2613,0,0.018134015
2614,0,0.111420475
2615,1,0.96143556
2616,1,0.960645
2617,1,0.96133035
2618,0,0.022504045
2619,1,0.96021116
2620,0,0.018000655
2621,0,0.44747716
2622,1,0.9618664
2623,0,0.017914115
2624,0,0.01806322
2625,0,0.024478726
2626,1,0.96116865
2627,1,0.9597596
2628,1,0.9608189
2629,1,0.95603156
2630,1,0.9589182
2631,1,0.9616519
2632,1,0.96048796
2633,0,0.019531233
2634,0,0.01845903
2635,0,0.03933253
2636,0,0.017919568
2637,0,0.01799265
2638,1,0.9590633
2639,1,0.5342563
2640,1,0.9525522
2641,0,0.018619841
2642,0,0.14692871
2643,1,0.9566626
2644,1,0.9610071
2645,0,0.018100755
2646,1,0.95936096
2647,0,0.019112203
2648,1,0.96149683
2649,0,0.01793599
2650,1,0.9615332
2651,1,0.96149564
2652,1,0.9610886
2653,0,0.022619916
2654,1,0.90816957
2655,1,0.9557011
2656,1,0.95906645
2657,0,0.3500034
2658,1,0.87961936
2659,1,0.958513
2660,0,0.018294947
2661,0,0.018014329
2662,0,0.121898666
2663,0,0.110736735
2664,1,0.9559604
2665,0,0.018121526
2666,1,0.5867057
2667,1,0.96191406
2668,1,0.9553713
2669,1,0.96175456
2670,1,0.958604
2671,0,0.117249906
2672,1,0.9602556
2673,0,0.019139169
2674,1,0.9553628
2675,1,0.96174186
2676,0,0.017950702
2677,0,0.11934096
2678,0,0.018080965
2679,1,0.96190006
2680,0,0.10712005
2681,1,0.9607999
2682,1,0.96171683
2683,1,0.86555076
2684,0,0.28355694
2685,1,0.8484397
2686,0,0.017931934
2687,0,0.065381244
2688,1,0.8702111
2689,0,0.11933661
2690,0,0.027719256
2691,0,0.018125417
2692,0,0.018096887
2693,0,0.018269653
2694,0,0.01795895
2695,1,0.9596039
2696,1,0.9608836
2697,0,0.018587977
2698,0,0.01797646
2699,0,0.110954
2700,1,0.95873004
2701,1,0.9617605
2702,0,0.1192452
2703,0,0.13051587
2704,0,0.018648587
2705,1,0.9619619
2706,0,0.13414659
2707,0,0.0480422
2708,1,0.9611463
2709,0,0.23007989
2710,1,0.96065724
2711,0,0.01792254
2712,0,0.027021453
2713,0,0.15348881
2714,0,0.018191233
2715,0,0.017994238
2716,1,0.9613569
2717,0,0.017945046
2718,1,0.9620156
2719,1,0.9590367
2720,1,0.8904394
2721,0,0.03677027
2722,1,0.96001047
2723,1,0.96118385
2724,1,0.9486813
2725,0,0.017931882
2726,0,0.018274127
2727,0,0.017934142
2728,0,0.021055872
2729,0,0.035636995
2730,0,0.36519146
2731,1,0.9564598
2732,1,0.8924262
2733,0,0.06815821
2734,0,0.017920904
2735,1,0.95051324
2736,1,0.96189505
2737,0,0.018065266
2738,1,0.95874256
2739,1,0.95942163
2740,1,0.8823336
2741,0,0.017945735
2742,1,0.9615129
2743,0,0.11069926
2744,1,0.95915353
2745,1,0.96207905
2746,1,0.96178895
2747,0,0.017926997
2748,0,0.46588644
2749,0,0.052577596
2750,0,0.07651331
2751,0,0.01805975
2752,0,0.018197576
2753,0,0.35555753
2754,0,0.017950568
2755,1,0.9620164
2756,0,0.11130185
2757,0,0.022272574
2758,1,0.90143347
2759,1,0.9582498
2760,1,0.9620203
2761,1,0.57134503
2762,0,0.11145339
2763,1,0.9613926
2764,0,0.018009668
2765,1,0.91175854
2766,0,0.018148506
2767,1,0.9619971
2768,1,0.9617128
2769,0,0.018078696
2770,1,0.95024866
2771,1,0.6534107
2772,1,0.95793676
2773,1,0.96142256
2774,1,0.95937973
2775,1,0.95820177
2776,0,0.017917773
2777,1,0.9619688
2778,0,0.027629232
2779,0,0.018550718
2780,1,0.96074635
2781,0,0.018021554
2782,1,0.96132934
2783,0,0.11119892
2784,0,0.017970264
2785,1,0.7039661
2786,1,0.96112615
2787,1,0.8481753
2788,0,0.017925587
2789,0,0.017942585
2790,0,0.16305986
2791,0,0.017927215
2792,0,0.018273905
2793,0,0.018644074
2794,0,0.018271629
2795,1,0.9619627
2796,1,0.89690804
2797,0,0.017954722
2798,1,0.90337193
2799,1,0.8274832
2800,1,0.8992053
2801,1,0.95955133
2802,0,0.22704805
2803,0,0.017972983
2804,1,0.9582643
2805,0,0.019289708
2806,1,0.95352244
2807,0,0.023759024
2808,0,0.021463996
2809,0,0.11088072
2810,1,0.9620662
2811,0,0.017939668
2812,1,0.9607458
2813,0,0.02015899
2814,1,0.95558065
2815,1,0.95976216
2816,1,0.96132505
2817,0,0.23580836
2818,1,0.52747655
2819,0,0.017958455
2820,1,0.9598291
2821,0,0.019742448
2822,0,0.019026041
2823,1,0.96132904
2824,0,0.13850537
2825,0,0.04570772
2826,1,0.96107525
2827,1,0.96006924
2828,0,0.02753712
2829,1,0.96041673
2830,1,0.96175885
2831,0,0.017956352
2832,0,0.018016834
2833,1,0.84636337
2834,0,0.017938603
2835,0,0.048913557
2836,1,0.9499003
2837,0,0.084031165
2838,1,0.961875
2839,0,0.057248082
2840,0,0.050348684
2841,0,0.035309326
2842,0,0.018097883
2843,0,0.017928785
2844,0,0.019955307
2845,0,0.017938174
2846,0,0.4547496
2847,0,0.15053293
2848,1,0.9614593
2849,1,0.95971304
2850,0,0.036322743
2851,0,0.028388383
2852,0,0.017924672
2853,1,0.96092755
2854,0,0.020704236
2855,1,0.8442895
2856,0,0.11173691
2857,1,0.9609815
2858,1,0.9522182
2859,1,0.9599662
2860,0,0.018245183
2861,0,0.017914617
2862,1,0.9605128
2863,1,0.59741163
2864,0,0.018595254
2865,1,0.9563801
2866,0,0.11333592
2867,0,0.017929953
2868,0,0.11270937
2869,1,0.8660671
2870,0,0.017944079
2871,0,0.018230421
2872,1,0.9587945
2873,1,0.96052754
2874,0,0.1455839
2875,1,0.9594955
2876,0,0.1410493
2877,0,0.11588511
2878,1,0.95322025
2879,1,0.9619081
2880,1,0.9137495
2881,0,0.017926719
2882,0,0.017922673
2883,0,0.019067
2884,0,0.030347105
2885,0,0.01794197
2886,1,0.953514
2887,0,0.017965807
2888,1,0.96118206
2889,0,0.018275522
2890,1,0.9611189
2891,0,0.017971486
2892,1,0.9618161
2893,0,0.11100164
2894,1,0.96175283
2895,1,0.96075845
2896,1,0.9592823
2897,1,0.96019495
2898,1,0.96091455
2899,0,0.019907622
2900,1,0.9618429
2901,0,0.01800627
2902,1,0.95616895
2903,1,0.9003968
2904,1,0.9584081
2905,0,0.01828077
2906,1,0.9617998
2907,0,0.044817694
2908,0,0.04333337
2909,1,0.87434524
2910,0,0.017997162
2911,0,0.04183694
2912,0,0.019203978
2913,0,0.059983093
2914,1,0.8299104
2915,0,0.01794803
2916,1,0.9616423
2917,0,0.1108916
2918,0,0.018000975
2919,1,0.95655376
2920,1,0.9616473
2921,1,0.9619137
2922,0,0.112879254
2923,0,0.018147027
2924,0,0.017938258
2925,1,0.89187133
2926,0,0.051336974
2927,0,0.018238634
2928,1,0.9609807
2929,1,0.96082515
2930,0,0.018250333
2931,0,0.017924804
2932,1,0.95946056
2933,1,0.9619526
2934,0,0.018068142
2935,1,0.95317066
2936,0,0.017970333
2937,0,0.01807989
2938,1,0.8626566
2939,0,0.13085069
2940,1,0.64516467
2941,0,0.4815577
2942,0,0.017931556
2943,1,0.9614854
2944,1,0.96116334
2945,0,0.035418604
2946,1,0.9615739
2947,0,0.018962441
2948,0,0.017976418
2949,0,0.022355307
2950,1,0.9614402
2951,1,0.96053535
2952,0,0.018201193
2953,0,0.01792996
2954,0,0.11330824
2955,0,0.018130776
2956,0,0.022015058
2957,1,0.9568719
2958,1,0.9619104
2959,1,0.9616183
2960,1,0.9601011
2961,1,0.95318925
2962,1,0.96189785
2963,1,0.96195066
2964,0,0.1155558
2965,0,0.017990325
2966,0,0.017946525
2967,0,0.05615702
2968,0,0.01794424
2969,0,0.020257033
2970,1,0.9619762
2971,0,0.024414184
2972,1,0.88157403
2973,0,0.021789504
2974,1,0.96153784
2975,1,0.8612564
2976,0,0.06642845
2977,1,0.9601634
2978,1,0.9618975
2979,0,0.01995526
2980,0,0.0758766
2981,1,0.9548127
2982,0,0.017932823
2983,1,0.95711833
2984,0,0.021090575
2985,0,0.0179571
2986,1,0.9455351
2987,0,0.027593974
2988,0,0.01814212
2989,1,0.96174973
2990,0,0.017930187
2991,1,0.9617377
2992,0,0.018146878
2993,1,0.9612149
2994,1,0.9609832
2995,0,0.02535131
2996,0,0.11474007
2997,0,0.01798869
2998,1,0.95977753
2999,1,0.85025734
3000,0,0.017914139
3001,1,0.96198285
3002,0,0.017964039
3003,0,0.113920674
3004,1,0.961844
3005,0,0.28966147
3006,0,0.017935654
3007,1,0.90058416
3008,1,0.953282
3009,1,0.9598647
3010,1,0.9586903
3011,0,0.017982084
3012,1,0.96102625
3013,1,0.9617687
3014,0,0.018041201
3015,0,0.018221313
3016,1,0.9603574
3017,1,0.9611812
3018,1,0.9598122
3019,1,0.9618639
3020,1,0.95826405
3021,0,0.017999256
3022,0,0.11093529
3023,1,0.9560991
3024,1,0.9581198
3025,0,0.018213062
3026,0,0.0179881
3027,0,0.11228041
3028,0,0.018673299
3029,0,0.11128965
3030,1,0.9606887
3031,1,0.8679588
3032,1,0.83942246
3033,1,0.9495239
3034,0,0.11400332
3035,1,0.9615447
3036,0,0.017990923
3037,0,0.018146673
3038,0,0.01794603
3039,0,0.018498693
3040,1,0.9608585
3041,0,0.018174835
3042,1,0.53961605
3043,1,0.9517179
3044,0,0.2500367
3045,1,0.9613536
3046,0,0.017989576
3047,1,0.96153474
3048,1,0.9588497
3049,0,0.020806398
3050,1,0.96199006
3051,0,0.11454863
3052,1,0.94896555
3053,1,0.958276
3054,0,0.017997043
3055,1,0.96137714
3056,0,0.018023765
3057,0,0.022133617
3058,0,0.111984186
3059,0,0.018028539
3060,1,0.94952875
3061,0,0.34299484
3062,1,0.96183
3063,1,0.96125877
3064,0,0.11579532
3065,0,0.018354885
3066,0,0.023262344
3067,1,0.96203464
3068,0,0.3620906
3069,1,0.90504855
3070,1,0.96165764
3071,0,0.017931025
3072,1,0.9617766
3073,0,0.017942786
3074,0,0.017960962
3075,0,0.017937098
3076,0,0.22490135
3077,1,0.9616152
3078,0,0.017946677
3079,1,0.9619744
3080,0,0.017946878
3081,1,0.95999706
3082,1,0.68429744
3083,1,0.9601711
3084,0,0.017973842
3085,1,0.8891271
3086,1,0.9594474
3087,0,0.03266778
3088,1,0.9619661
3089,1,0.8489559
3090,1,0.96173066
3091,1,0.89391744
3092,1,0.8147295
3093,0,0.01805713
3094,1,0.9611052
3095,0,0.024055239
3096,1,0.9602492
3097,0,0.11129504
3098,1,0.9547654
3099,0,0.03418405
3100,1,0.947882
3101,0,0.35907045
3102,1,0.89372593
3103,1,0.8506991
3104,1,0.9598103
3105,1,0.9618268
3106,1,0.85273594
3107,0,0.12189943
3108,0,0.01848327
3109,0,0.018038932
3110,0,0.017954897
3111,1,0.96000177
3112,0,0.021959245
3113,0,0.12905751
3114,1,0.7065449
3115,0,0.018663164
3116,0,0.018034786
3117,0,0.027256994
3118,1,0.52167094
3119,0,0.03230344
3120,0,0.018047817
3121,0,0.026462734
3122,1,0.9612689
3123,0,0.34062493
3124,0,0.01946233
3125,1,0.96194214
3126,0,0.27073896
3127,1,0.9603259
3128,0,0.01793373
3129,0,0.017930448
3130,0,0.018109731
3131,1,0.9589216
3132,1,0.9571215
3133,1,0.9087735
3134,0,0.068185896
3135,0,0.018275611
3136,0,0.017940417
3137,1,0.9488476
3138,1,0.95878744
3139,1,0.9088486
3140,0,0.37799293
3141,0,0.1443249
3142,0,0.05887914
3143,1,0.6243573
3144,0,0.01801085
3145,0,0.018261736
3146,1,0.9619929
3147,0,0.11222787
3148,0,0.020417342
3149,1,0.6336649
3150,0,0.018138995
3151,0,0.024358248
3152,1,0.96173143
3153,0,0.017940912
3154,1,0.9518814
3155,0,0.019174203
3156,0,0.029843776
3157,1,0.8112831
3158,1,0.9618448
3159,0,0.019443695
3160,0,0.018724922
3161,1,0.9604817
3162,0,0.01803176
3163,1,0.9112951
3164,1,0.96129286
3165,0,0.48479652
3166,0,0.11087033
3167,1,0.9586427
3168,1,0.9618499
3169,1,0.945036
3170,1,0.9612301
3171,0,0.06276714
3172,0,0.017949836
3173,1,0.9612724
3174,0,0.4269597
3175,0,0.119185485
3176,1,0.9606929
3177,0,0.017951468
3178,1,0.9615462
3179,1,0.8777697
3180,1,0.9614158
3181,0,0.04015391
3182,0,0.4815577
3183,0,0.025854446
3184,0,0.017985772
3185,1,0.8370964
3186,1,0.9580665
3187,1,0.91015595
3188,1,0.9009554
3189,0,0.020249208
3190,0,0.1127641
3191,0,0.017978413
3192,0,0.017983153
3193,1,0.9619011
3194,0,0.030662304
3195,0,0.04823546
3196,0,0.040886488
3197,1,0.9619732
3198,1,0.9619713
3199,1,0.9614163
3200,1,0.96132636
3201,1,0.8893513
3202,1,0.96175677
3203,1,0.9617644
3204,1,0.9536521
3205,0,0.11163913
3206,0,0.018044759
3207,1,0.9620037
3208,1,0.85560435
3209,0,0.12137814
3210,0,0.055432927
3211,1,0.93671054
3212,0,0.017931757
3213,0,0.11110478
3214,1,0.9613897
3215,0,0.11126143
3216,0,0.017952686
3217,0,0.22918802
3218,0,0.021698441
3219,0,0.017922195
3220,0,0.017930144
3221,1,0.95755446
3222,1,0.96168435
3223,1,0.96176517
3224,1,0.7655219
3225,1,0.96172315
3226,0,0.043482
3227,0,0.026256891
3228,1,0.9597372
3229,0,0.023479827
3230,1,0.9597559
3231,1,0.95879155
3232,0,0.01797427
3233,0,0.04558369
3234,0,0.018274913
3235,0,0.03891258
3236,0,0.017931513
3237,1,0.9618633
3238,0,0.021255331
3239,1,0.94969976
3240,0,0.11174891
3241,1,0.95992684
3242,1,0.67776716
3243,0,0.33079284
3244,1,0.89488566
3245,1,0.95988405
3246,0,0.017916808
3247,0,0.117209524
3248,1,0.9576897
3249,0,0.017961886
3250,0,0.01793159
3251,0,0.017913837
3252,0,0.017928667
3253,1,0.95805925
3254,1,0.87277174
3255,0,0.117109165
3256,0,0.0857783
3257,1,0.95931214
3258,1,0.96011585
3259,0,0.017948836
3260,1,0.9543458
3261,0,0.11060859
3262,0,0.026894845
3263,0,0.023637425
3264,1,0.9611364
3265,0,0.020133369
3266,0,0.41569576
3267,1,0.9509096
3268,1,0.96085644
3269,0,0.0193369
3270,0,0.018134253
3271,0,0.057410255
3272,0,0.017914684
3273,1,0.9569649
3274,1,0.9596439
3275,0,0.11059014
3276,0,0.022634827
3277,0,0.11145667
3278,1,0.95113516
3279,0,0.1218244
3280,0,0.11177893
3281,1,0.9565907
3282,1,0.958976
3283,1,0.77364755
3284,0,0.018665113
3285,0,0.01837528
3286,1,0.90697545
3287,0,0.3175182
3288,0,0.01877382
3289,1,0.96088403
3290,1,0.91350603
3291,0,0.018001245
3292,0,0.017927332
3293,1,0.9612688
3294,1,0.95881313
3295,0,0.018050406
3296,1,0.70097494
3297,0,0.1216176
3298,0,0.01798589
3299,0,0.017921112
3300,1,0.9581764
3301,0,0.019855285
3302,1,0.95902985
3303,0,0.023632979
3304,0,0.017988075
3305,0,0.017970685
3306,0,0.018017825
3307,0,0.021392893
3308,0,0.01801078
3309,0,0.43438768
3310,1,0.94848186
3311,0,0.28274378
3312,1,0.84103775
3313,1,0.9071064
3314,1,0.96203804
3315,0,0.018296678
3316,1,0.9606977
3317,1,0.95881444
3318,0,0.15599383
3319,1,0.9611671
3320,0,0.018135259
3321,1,0.958285
3322,0,0.018062282
3323,0,0.018239863
3324,0,0.018032763
3325,1,0.96149564
3326,0,0.018038506
3327,0,0.018045712
3328,0,0.018657602
3329,0,0.27863452
3330,0,0.02248228
3331,0,0.4684609
3332,1,0.96006036
3333,1,0.85343915
3334,1,0.7658161
3335,1,0.9464686
3336,1,0.96189195
3337,1,0.95891625
3338,1,0.96088016
3339,0,0.020255147
3340,0,0.018104285
3341,0,0.017924864
3342,1,0.7571885
3343,0,0.28362483
3344,0,0.01802026
3345,0,0.017929163
3346,1,0.9585385
3347,0,0.071337275
3348,1,0.96193755
3349,1,0.893098
3350,1,0.95757776
3351,0,0.017934142
3352,1,0.61391175
3353,1,0.8439719
3354,0,0.017950946
3355,0,0.018513866
3356,0,0.118269905
3357,1,0.9619018
3358,0,0.018343847
3359,0,0.18548894
3360,0,0.024053434
3361,0,0.12267565
3362,0,0.26635873
3363,1,0.95735866
3364,1,0.9537855
3365,0,0.018702889
3366,0,0.018268332
3367,0,0.019058578
3368,0,0.031227672
3369,0,0.06715088
3370,0,0.01827766
3371,1,0.9600249
3372,1,0.86303455
3373,1,0.9620872
3374,0,0.017932327
3375,1,0.9609745
3376,1,0.9010161
3377,1,0.96004015
3378,1,0.96103024
3379,1,0.9612356
3380,1,0.96037537
3381,0,0.017944198
3382,1,0.8860628
3383,1,0.87358963
3384,0,0.018754352
3385,1,0.90316623
3386,0,0.021981532
3387,1,0.9620579
3388,0,0.026791302
3389,1,0.96095186
3390,0,0.16491927
3391,0,0.018283872
3392,0,0.018507637
3393,0,0.021946907
3394,1,0.96124697
3395,1,0.95966727
3396,1,0.9616135
3397,0,0.4815577
3398,1,0.9617369
3399,1,0.9598177
3400,0,0.017929364
3401,0,0.11580765
3402,0,0.017953923
3403,1,0.960783
3404,0,0.11255772
3405,0,0.09813411
3406,0,0.4815577
3407,1,0.96083087
3408,1,0.9613218
3409,1,0.9619985
3410,1,0.9550653
3411,1,0.96100456
3412,1,0.9600006
3413,1,0.96127594
3414,0,0.017972335
3415,1,0.9351591
3416,0,0.019379832
3417,1,0.9018107
3418,1,0.9599706
3419,0,0.026233492
3420,1,0.8716504
3421,0,0.018251462
3422,1,0.958926
3423,1,0.95627534
3424,1,0.96099555
3425,0,0.067240834
3426,0,0.017933385
3427,1,0.81098425
3428,1,0.95615184
3429,1,0.9612007
3430,0,0.025280561
3431,1,0.6174579
3432,0,0.1108043
3433,0,0.31746897
3434,1,0.96175754
3435,1,0.7946593
3436,1,0.90209293
3437,1,0.96171486
3438,0,0.017929388
3439,0,0.054991324
3440,1,0.9582227
3441,0,0.035215132
3442,1,0.9595671
3443,1,0.9601591
3444,0,0.019109068
3445,1,0.96141297
3446,0,0.018339254
3447,1,0.95462644
3448,0,0.018815167
3449,1,0.9606399
3450,1,0.95582336
3451,1,0.9620234
3452,1,0.9615948
3453,1,0.9592687
3454,0,0.017919501
3455,1,0.54600996
3456,1,0.9620174
3457,0,0.01793641
3458,1,0.9599826
3459,0,0.017913628
3460,1,0.96033347
3461,1,0.8988074
3462,1,0.9619635
3463,1,0.959511
3464,1,0.5075415
3465,1,0.86468476
3466,0,0.11307489
3467,0,0.017935755
3468,1,0.83898777
3469,1,0.960073
3470,1,0.88343716
3471,0,0.023465434
3472,1,0.95775145
3473,1,0.9548885
3474,0,0.11174579
3475,1,0.9613567
3476,1,0.96205467
3477,1,0.96163106
3478,1,0.9591293
3479,1,0.96118087
3480,1,0.96125156
3481,1,0.9583491
3482,1,0.8286667
3483,1,0.9560105
3484,0,0.018601129
3485,0,0.030081939
3486,1,0.9619137
3487,1,0.95421576
3488,1,0.95648766
3489,0,0.017947257
3490,1,0.9548819
3491,0,0.39021572
3492,0,0.07118785
3493,0,0.033474557
3494,1,0.8909114
3495,0,0.018545397
3496,1,0.8060998
3497,0,0.08399509
3498,1,0.9601105
3499,1,0.8869301
3500,1,0.96186066
3501,0,0.14112622
3502,0,0.018071556
3503,1,0.9490123
3504,1,0.96099466
3505,1,0.9617389
3506,1,0.9611011
3507,0,0.018000975
3508,1,0.9617044
3509,0,0.017927451
3510,0,0.02627688
3511,1,0.896726
3512,1,0.53732085
3513,1,0.8972564
3514,1,0.96166503
3515,0,0.017925125
3516,0,0.018026048
3517,1,0.9614553
3518,0,0.023891091
3519,0,0.019832984
3520,0,0.018034048
3521,0,0.018804438
3522,0,0.017967556
3523,1,0.961877
3524,0,0.017961936
3525,0,0.11212805
3526,1,0.9618278
3527,0,0.025980623
3528,1,0.8797836
3529,0,0.017942846
3530,0,0.01801175
3531,1,0.84590745
3532,0,0.018941412
3533,0,0.18810046
3534,1,0.96165633
3535,1,0.9609963
3536,1,0.9594194
3537,1,0.95598865
3538,0,0.017929079
3539,0,0.0179589
3540,0,0.021731488
3541,1,0.7938245
3542,1,0.8724801
3543,0,0.018122884
3544,0,0.11483884
3545,0,0.114762425
3546,0,0.017929103
3547,1,0.9601049
3548,1,0.71681213
3549,0,0.017917361
3550,1,0.9581752
3551,1,0.9593688
3552,0,0.286247
3553,0,0.02110989
3554,0,0.0185063
3555,1,0.96074253
3556,1,0.96113646
3557,0,0.018292036
3558,1,0.96154255
3559,0,0.28712562
3560,1,0.76521957
3561,1,0.9613014
3562,0,0.11251911
3563,0,0.01796605
3564,1,0.95972294
3565,0,0.017988287
3566,0,0.019151513
3567,1,0.9608583
3568,0,0.1113639
3569,0,0.111806415
3570,1,0.96142215
3571,1,0.9616938
3572,1,0.5264249
3573,1,0.96143955
3574,0,0.018041443
3575,1,0.95682836
3576,0,0.28103507
3577,1,0.96168554
3578,0,0.017958673
3579,1,0.95816445
3580,1,0.95537376
3581,0,0.115851976
3582,0,0.12180987
3583,1,0.95673645
3584,0,0.226571
3585,0,0.022941204
3586,0,0.027722994
3587,0,0.017959438
3588,0,0.018111415
3589,1,0.896373
3590,1,0.96008384
3591,1,0.9618674
3592,0,0.11127286
3593,1,0.9604607
3594,0,0.017965266
3595,0,0.01962649
3596,0,0.11530553
3597,1,0.89719903
3598,1,0.9566521
3599,1,0.96035975
3600,1,0.94925463
3601,0,0.0219225
3602,0,0.03680734
3603,0,0.018231254
3604,1,0.956482
3605,1,0.9619971
3606,0,0.03424189
3607,0,0.07013768
3608,1,0.96200955
3609,1,0.9617046
3610,0,0.030139528
3611,0,0.018017702
3612,0,0.019007452
3613,0,0.018182099
3614,0,0.025773086
3615,0,0.11128409
3616,0,0.03621433
3617,1,0.95489866
3618,1,0.8637615
3619,1,0.961095
3620,1,0.9059169
3621,1,0.6994271
3622,1,0.9609525
3623,1,0.9618813
3624,0,0.4815577
3625,1,0.96086943
3626,0,0.02042983
3627,1,0.96193147
3628,1,0.9613822
3629,1,0.95841324
3630,0,0.04699046
3631,0,0.017950123
3632,0,0.021331372
3633,0,0.033314005
3634,1,0.9572223
3635,0,0.018229064
3636,1,0.9618792
3637,1,0.9605789
3638,0,0.11949339
3639,1,0.9606393
3640,1,0.96167296
3641,1,0.9614327
3642,1,0.95862204
3643,1,0.8235307
3644,1,0.9519805
3645,1,0.96080565
3646,0,0.01793966
3647,1,0.66658497
3648,1,0.95846057
3649,0,0.11400299
3650,0,0.019617775
3651,0,0.2973064
3652,1,0.9574855
3653,0,0.026114281
3654,1,0.60064614
3655,0,0.02046779
3656,1,0.9619075
3657,0,0.15112281
3658,1,0.7244119
3659,0,0.2567446
3660,0,0.017932445
3661,0,0.018408207
3662,0,0.01866154
3663,1,0.95997596
3664,1,0.96062845
3665,0,0.11176432
3666,0,0.03029922
3667,1,0.9610139
3668,0,0.017935494
3669,1,0.891499
3670,0,0.023013478
3671,0,0.021996342
3672,1,0.9619522
3673,0,0.018065237
3674,1,0.9614627
3675,0,0.017928885
3676,1,0.9612192
3677,0,0.03287233
3678,1,0.9614719
3679,0,0.01796563
3680,1,0.87808925
3681,1,0.96202403
3682,1,0.961902
3683,1,0.9603444
3684,1,0.96150315
3685,1,0.95938945
3686,0,0.017935032
3687,0,0.017926468
3688,1,0.95785034
3689,1,0.9563854
3690,1,0.95770544
3691,0,0.017936753
3692,1,0.9608991
3693,1,0.95918936
3694,0,0.024237132
3695,0,0.01795884
3696,1,0.961435
3697,1,0.9579685
3698,0,0.017916683
3699,1,0.71982545
3700,1,0.8677519
3701,0,0.018009085
3702,0,0.114498265
3703,1,0.9499233
3704,0,0.026036495
3705,1,0.96067023
3706,0,0.022115964
3707,0,0.01791446
3708,1,0.8168504
3709,1,0.95963085
3710,0,0.017964292
3711,0,0.018103395
3712,0,0.017962223
3713,1,0.96199524
3714,0,0.02040442
3715,0,0.018077057
3716,1,0.9468337
3717,1,0.51743096
3718,0,0.121167496
3719,0,0.01796557
3720,0,0.018441629
3721,1,0.9614162
3722,0,0.4815577
3723,1,0.8487205
3724,0,0.017982405
3725,1,0.8693937
3726,0,0.06902201
3727,0,0.021903532
3728,0,0.017957201
3729,0,0.03162237
3730,0,0.27638546
3731,0,0.018181073
3732,1,0.9614501
3733,0,0.017937863
3734,1,0.8453624
3735,0,0.018015347
3736,0,0.2794885
3737,0,0.017920937
3738,0,0.017960962
3739,0,0.019830797
3740,1,0.89770633
3741,0,0.023355147
3742,1,0.9556485
3743,1,0.9620539
3744,1,0.91180027
3745,0,0.1124496
3746,1,0.91255134
3747,0,0.01792175
3748,1,0.9614426
3749,0,0.021250442
3750,0,0.11614719
3751,0,0.26940796
3752,1,0.96089077
3753,0,0.017949013
3754,1,0.858324
3755,0,0.1113615
3756,0,0.018247217
3757,1,0.96069354
3758,1,0.9609633
3759,1,0.95932
3760,1,0.9619534
3761,1,0.8728805
3762,0,0.11090345
3763,0,0.32566193
3764,1,0.95919144
3765,0,0.111385055
3766,0,0.024680892
3767,0,0.017919796
3768,1,0.8725508
3769,1,0.9620933
3770,0,0.114704385
3771,0,0.017934151
3772,1,0.96036965
3773,1,0.95292073
3774,0,0.017954553
3775,1,0.6750182
3776,0,0.0180624
3777,1,0.9597542
3778,0,0.4815577
3779,0,0.018157395
3780,1,0.9602739
3781,1,0.9613705
3782,0,0.017968725
3783,1,0.95844567
3784,1,0.96017253
3785,0,0.12389421
3786,0,0.017943315
3787,0,0.11178994
3788,0,0.017991465
3789,1,0.96192133
3790,1,0.96171534
3791,1,0.9599731
3792,0,0.110701546
3793,0,0.017924478
3794,0,0.05447032
3795,0,0.021706013
3796,0,0.019070696
3797,0,0.13370559
3798,0,0.017933361
3799,1,0.95876753
3800,0,0.01791831
3801,0,0.019020572
3802,1,0.9620581
3803,1,0.89355475
3804,0,0.018323006
3805,0,0.018975459
3806,0,0.01793321
3807,0,0.017960683
3808,0,0.09801641
3809,1,0.95845675
3810,0,0.024735248
3811,0,0.11100392
3812,1,0.9606203
3813,1,0.961853
3814,1,0.8769246
3815,1,0.85587394
3816,0,0.018651
3817,1,0.9610867
3818,1,0.96008134
3819,0,0.018042337
3820,0,0.022737637
3821,0,0.027485155
3822,1,0.960603
3823,0,0.018844226
3824,1,0.885361
3825,0,0.018040575
3826,1,0.9047592
3827,1,0.9612346
3828,1,0.8833402
3829,0,0.026041213
3830,0,0.07103288
3831,0,0.21061806
3832,1,0.5627413
3833,0,0.040461726
3834,1,0.9610547
3835,0,0.11215225
3836,0,0.018102856
3837,0,0.12093479
3838,1,0.9600739
3839,1,0.96038187
3840,0,0.032310463
3841,1,0.9610798
3842,1,0.96170795
3843,1,0.96104586
3844,1,0.95905846
3845,0,0.049922734
3846,0,0.017972065
3847,1,0.9605951
3848,0,0.018522074
3849,0,0.01792912
3850,0,0.017944744
3851,0,0.041545056
3852,1,0.95781195
3853,0,0.1124704
3854,1,0.9611408
3855,0,0.02580095
3856,1,0.9617087
3857,1,0.96107143
3858,1,0.96093976
3859,1,0.9605232
3860,1,0.96165454
3861,0,0.023545373
3862,0,0.4815577
3863,1,0.54039603
3864,1,0.95590496
3865,0,0.021058913
3866,0,0.051585887
3867,0,0.017966243
3868,1,0.95689505
3869,0,0.049808282
3870,1,0.960982
3871,1,0.6690422
3872,0,0.022525221
3873,0,0.1246046
3874,1,0.9504635
3875,0,0.017935436
3876,0,0.047504928
3877,0,0.06391928
3878,1,0.9590284
3879,0,0.04766645
3880,0,0.018132528
3881,1,0.9616787
3882,0,0.13202246
3883,1,0.95989394
3884,0,0.018036501
3885,0,0.018254645
3886,0,0.019640176
3887,1,0.96152085
3888,0,0.017924495
3889,1,0.96099436
3890,0,0.017920207
3891,0,0.019034995
3892,1,0.84912777
3893,0,0.018125227
3894,1,0.9610482
3895,0,0.018038658
3896,0,0.024383295
3897,0,0.11248404
3898,0,0.11079624
3899,1,0.9606385
3900,1,0.959775
3901,0,0.018899571
3902,0,0.11197055
3903,0,0.01804502
3904,0,0.017968422
3905,0,0.12992434
3906,1,0.9619836
3907,0,0.018025689
3908,1,0.96092665
3909,0,0.017916555
3910,0,0.03189398
3911,1,0.95672774
3912,1,0.95510525
3913,0,0.0303908
3914,1,0.960295
3915,0,0.043362316
3916,1,0.9618015
3917,1,0.9605634
3918,0,0.01843155
3919,1,0.9507222
3920,1,0.9590837
3921,0,0.027634839
3922,1,0.9613401
3923,0,0.022226289
3924,0,0.018456567
3925,0,0.018021107
3926,1,0.9616882
3927,1,0.9615851
3928,0,0.017930103
3929,0,0.017999506
3930,0,0.018505594
3931,1,0.9600463
3932,0,0.017918553
3933,0,0.11308679
3934,0,0.020865683
3935,1,0.9577784
3936,1,0.8415877
3937,0,0.124169745
3938,0,0.23224336
3939,0,0.017986093
3940,0,0.017922992
3941,1,0.961733
3942,1,0.9134852
3943,0,0.017926358
3944,0,0.02181622
3945,1,0.5367826
3946,1,0.9620218
3947,0,0.017934
3948,1,0.86742413
3949,0,0.019504024
3950,0,0.01961442
3951,0,0.018760988
3952,1,0.96184015
3953,1,0.95778406
3954,0,0.017916707
3955,1,0.75566715
3956,1,0.9610452
3957,1,0.9028696
3958,0,0.01797035
3959,1,0.78367025
3960,1,0.84453344
3961,1,0.96116525
3962,0,0.01792436
3963,0,0.018724961
3964,1,0.8983984
3965,0,0.01932722
3966,0,0.036107227
3967,0,0.022941275
3968,1,0.96126974
3969,1,0.89627874
3970,1,0.9601204
3971,0,0.017927995
3972,0,0.017993664
3973,1,0.96013254
3974,1,0.96092147
3975,0,0.383433
3976,1,0.9618486
3977,0,0.017929666
3978,0,0.11622978
3979,1,0.9607349
3980,0,0.017963534
3981,0,0.018278604
3982,0,0.019877069
3983,0,0.11959824
3984,1,0.84785485
3985,1,0.96022826
3986,1,0.96085024
3987,1,0.9611901
3988,0,0.017928978
3989,0,0.017953914
3990,0,0.018389346
3991,0,0.33812362
3992,1,0.9615774
3993,0,0.017965142
3994,1,0.9596577
3995,1,0.96158624
3996,1,0.95992094
3997,0,0.017938225
3998,0,0.017995406
3999,1,0.96204454
